company_num,company_name,company_status,company_type,comp_reg_date,comp_dissolved_date,last_ar_date,last_accounts_date,nace_v2_code,company_address_1,company_address_2,company_address_3,company_address_4,eircode,n_filings_yr0,n_filings_yr1,n_filings_yr2,n_filings_2022,n_filings_2023,n_filings_2024,filing_frequency,filing_rate_change,filing_decline,filing_consistency,accounts_silence_years,filed_current_year,silent_yr1,avg_days_to_file,max_days_to_file,late_filer_flag,filing_timing_deviation,late_filing_trend,filing_delay_acceleration,statutory_window_pct_used,amendment_count,format_change_flag,short_period_flag,has_annual_return,days_since_last_ar,days_since_last_accounts,ar_to_accounts_gap,is_cold_start,obs_date,company_age_years,county,nace_sector,sector_relative_deviation,age_vs_sector_median,name_risk_score,name_generic_token_count,name_has_numbers,company_type_norm,nace_enc,county_enc,company_type_enc,sector_imputed,nace_section,nace_section_label,same_day_reg_count,sector_survival_rate,sector_growth_trend,county_enterprise_density,sector_death_birth_ratio,sector_net_entry_rate,sector_death_trend,sector_1yr_survival_rate,sector_3yr_survival_rate,sector_avg_startup_employment,sector_micro_share,sector_employer_share,county_enterprise_trend,sector_birth_acceleration,sector_newborn_micro_share,sector_avg_startup_turnover,sector_cso_death_rate,legal_form_death_rate,fame_accounts_overdue,fame_ar_overdue,fame_in_worldcompliance,fame_covered,fame_days_since_accounts,director_count,director_avg_portfolio_size,director_dissolution_count,director_max_dissolutions,director_worldcompliance_flag,director_back_to_back_flag,is_corporate_owned,is_foreign_owned,guo_worldcompliance,guo_irish_company_count,n_subsidiaries_ult,solvency_ratio,current_ratio,total_assets,pl_last_yr,is_loss_making,is_insolvent,pl_declining,sol_declining,illiquid,is_net_loss,solvency_trend_3yr,roaa,ebit_margin,consecutive_loss_years,revenue_declining,revenue_declining_2yr,is_operating_loss,ebit_declining,highly_geared,has_long_term_debt,slow_creditor_payment,employees_declining,revenue_cagr_3yr,has_negative_news_mention,has_examinership_news,has_winding_up_news,has_petition_news,has_liquidation_news,has_receiver_news,has_struck_off_news,charge_count,has_floating_charge,outstanding_charge_count,satisfied_charge_count,total_charge_events,days_since_last_charge,charge_history_years,has_f8_before_obs,has_examinership_before_obs,has_winding_up_before_obs,has_voluntary_winding_up_before_obs,has_court_winding_up_before_obs,director_resignation_count,director_appointment_count,director_net_change,ar_filed_count,rejected_ar_count,days_since_last_ar_filing,total_submissions,submission_history_years,office_change_count,days_since_last_office_change,other_form_count,has_fixed_charge,charge_holder_is_bank,annual_submission_rate,sector_late_filer_risk,director_change_count,ar_late_count,total_rejected_filings,has_any_rejected,name_change_count,has_recent_director_change,days_since_last_name_change,director_disqualified_flag,label,same_address_dissolution_count,same_address_risk_flag,name_token_dissolution_count,name_token_dissolution_rate,same_day_dissolution_count,name_address_dissolution_count,shell_farm_score,director_overextension,is_on_strike_off_list,ar_filed_count_log,total_submissions_log,director_change_count_log,same_day_reg_count_log,name_token_dissolution_count_log,charge_count_log,office_change_count_log,other_form_count_log,solvency_ratio_present,current_ratio_present,roaa_present,ebit_margin_present,revenue_cagr_3yr_present,solvency_trend_3yr_present,dissolution_risk_score,dissolution_risk_tier,if_anomaly_score,if_anomaly_flag,combined_risk_score,combined_risk_tier
653915,ALTITUDE AIRCRAFT CAL I LIMITED,Normal ,LTD - Private Company Limited by Shares,2019-07-23,,2025-05-12,2024-12-31,7735.0,32 MOLESWORTH STREET,DUBLIN 2,,"DUBLIN 2, DUBLIN, IRELAND",,1.0,1.0,0.0,1.0,1.0,1.0,1.0,0.0,0.0,0.0,0.0,1.0,0.0,200.7,254.0,0.0,0.0,0.0,0.0,0.732,0.0,0.0,0.0,1.0,0.0,0.0,0.0,0,2024-12-31,5.44,Dublin,6,-55.3,4.78,0.8451,0,0,LTD - PRIVATE COMPANY LIMITED BY SHARES,5,9,16,0,,Unknown,98,1.0,0,0.340864,0.0263,0.9737,0,0.4195,0.3838,0.52,0.2987,0.7013,-0.0493,-0.0904,0.9523,0.0,0.07,0.002683,0.0,0.0,0.0,1.0,0,8,229.1,125,100,0,1,1,1,0,13,0,53.8,2.311,61353.583,11083.197,0,0,0,0,0,0,29.855,0.180644657704832,47.432,2.0,0,0,0,0,0,0,0,0,0.0382658526623982,0,0,0,0,0,0,0,16,0,0,16,32,2092,5.6,0,0,0,0,0,0,0,0,15,0,590,64,6.8,0,1409,6,0,0,9.4118,0.0,8,1,0,0,1,1,1980,0,0.0,109,1,7,0.0886,13,0,0,0.0,0,2.772588722239781,4.174387269895637,2.19722457733622,4.59511985013459,2.079441541679836,2.833213344056216,0.0,1.9459101490553128,1,1,1,1,1,1,0.9583,High,0.9117,1,0.935,PRIORITY
632240,NILES MARITIME 3 DESIGNATED ACTIVITY COMPANY,Normal ,DAC - Designated Activity Company (limited by shares),2018-08-17,,2025-06-11,2024-12-31,6619.0,32 MOLESWORTH STREET,DUBLIN 2,,"DUBLIN 2, DUBLIN, IRELAND",D02Y512,1.0,1.0,0.0,1.0,1.0,1.0,1.0,0.0,0.0,0.0,0.0,1.0,0.0,220.7,272.0,1.0,0.0,0.0,0.0,0.805,0.0,0.0,0.0,1.0,0.0,0.0,0.0,0,2024-12-31,6.37,Dublin,6,-35.3,5.71,0.9375,0,1,DAC - DESIGNATED ACTIVITY COMPANY (LIMITED BY SHARES),5,9,4,0,,Unknown,83,1.0,0,0.340864,0.0263,0.9737,0,0.4195,0.3838,0.52,0.2987,0.7013,-0.0493,-0.0904,0.9523,0.0,0.07,0.002683,0.0,0.0,0.0,1.0,0,8,220.5,138,100,1,1,1,1,0,6,1,0.014,0.734,41110.468,1.047,0,1,1,0,1,0,0.011,2.546796596915413e-05,99.846,0.0,1,0,0,1,0,0,0,0,-0.0720931400275666,0,0,0,0,0,0,0,1,0,0,1,2,1352,1.7,0,0,0,0,0,0,0,0,15,0,590,40,7.3,0,1409,4,0,0,5.4795,0.0263,9,2,0,0,10,1,1980,0,0.0,109,1,1,0.0,14,0,0,0.0,0,2.772588722239781,3.713572066704308,2.302585092994046,4.430816798843313,0.6931471805599453,0.6931471805599453,0.0,1.6094379124341005,1,1,1,1,1,1,0.9747,High,0.8359,1,0.9053,PRIORITY
707700,WAVE I FINANCE DESIGNATED ACTIVITY COMPANY,Liquidation,DAC - Designated Activity Company (limited by shares),2021-11-11,,2025-04-11,2024-12-31,6492.0,FOURTH FLOOR,3 GEORGE'S DOCK,IFSC,"DUBLIN 1, DUBLIN, Ireland",D01 X5X0,1.0,0.0,0.0,1.0,1.0,1.0,1.0,0.0,0.0,0.0,0.0,1.0,0.0,221.7,328.0,1.0,0.0,0.0,0.0,0.809,0.0,0.0,0.0,1.0,0.0,0.0,0.0,0,2024-12-31,3.14,Dublin,6,-34.3,2.48,0.9405,0,0,DAC - DESIGNATED ACTIVITY COMPANY (LIMITED BY SHARES),5,9,4,0,,Unknown,195,1.0,0,0.340864,0.0263,0.9737,0,0.4195,0.3838,0.52,0.2987,0.7013,-0.0493,-0.0904,0.9523,0.0,0.07,0.002683,0.0,0.0,0.0,1.0,0,6,37.3,90,39,0,1,0,1,1,148,0,0.006,1.255,36642.942,1.0,0,1,0,0,0,0,0.005,2.729038514429327e-05,0.015,0.0,1,0,0,0,0,0,0,0,-0.1334514953357861,0,0,0,0,0,0,0,2,0,1,1,3,2092,4.0,0,0,0,0,0,0,0,0,8,0,590,23,4.4,0,1409,2,0,0,5.2273,0.0263,6,0,0,0,2,1,1980,0,1.0,14,1,14,0.2745,0,0,0,0.0,0,2.19722457733622,3.1780538303479458,1.9459101490553128,5.278114659230517,2.70805020110221,1.0986122886681098,0.0,1.0986122886681098,1,1,1,1,1,1,1.0,High,0.8098,1,0.9049,PRIORITY
597840,GLENCAR INVESTMENTS IV DESIGNATED ACTIVITY COMPANY,Liquidation,DAC - Designated Activity Company (limited by shares),2017-02-07,,2025-07-17,2024-12-31,7735.0,KPMG,"1 Stokes Place, Saint Stephen's Green",,"Dublin 2, DUBLIN, Ireland",D02 DE03,1.0,1.0,0.0,2.0,1.0,1.0,1.333,0.0,0.0,0.3536,0.0,1.0,0.0,354.5,496.0,1.0,0.0,0.0,0.0,1.294,1.0,0.0,1.0,1.0,0.0,0.0,0.0,0,2024-12-31,7.9,Dublin,6,98.5,7.24,0.9313,0,0,DAC - DESIGNATED ACTIVITY COMPANY (LIMITED BY SHARES),5,9,4,0,,Unknown,119,1.0,0,0.340864,0.0263,0.9737,0,0.4195,0.3838,0.52,0.2987,0.7013,-0.0493,-0.0904,0.9523,0.0,0.07,0.002683,0.0,0.0,0.0,1.0,0,13,150.7,177,100,0,1,0,0,0,527,0,0.033,0.047,4410.262,0.966,0,1,0,0,1,0,0.003,0.0002190346061073,0.031,0.0,0,0,0,0,0,0,0,0,0.2041088845747924,0,0,0,0,0,0,0,0,0,0,0,0,2092,0.0,0,0,0,0,0,0,0,0,23,0,590,58,9.1,2,1409,13,0,0,6.3736,0.0263,17,3,0,0,1,1,1980,0,1.0,0,0,22,0.2245,21,0,0,0.0,0,3.1780538303479458,4.07753744390572,2.8903717578961645,4.787491742782046,3.1354942159291497,0.0,1.0986122886681098,2.6390573296152584,1,1,1,1,1,1,0.9747,High,0.8344,1,0.9045,PRIORITY
701200,GLENCAR NORDIC SECURED LENDING DESIGNATED ACTIVITY COMPANY,Liquidation,DAC - Designated Activity Company (limited by shares),2021-08-05,,2025-07-07,2024-12-31,6499.0,KPMG,"1 Stokes Place, Saint Stephen's Green",DUBLIN 2,"Dublin 2, DUBLIN, Ireland",D02 DE03,1.0,0.0,0.0,1.0,1.0,1.0,1.0,0.0,0.0,0.0,0.0,1.0,0.0,274.7,346.0,1.0,0.0,0.0,0.0,1.003,0.0,0.0,0.0,1.0,0.0,0.0,0.0,0,2024-12-31,3.41,Dublin,6,18.7,2.75,0.9288,0,0,DAC - DESIGNATED ACTIVITY COMPANY (LIMITED BY SHARES),5,9,4,0,,Unknown,99,1.0,0,0.340864,0.0263,0.9737,0,0.4195,0.3838,0.52,0.2987,0.7013,-0.0493,-0.0904,0.9523,0.0,0.07,0.002683,0.0,0.0,0.0,1.0,0,9,205.6,127,100,1,1,0,0,0,527,0,0.003,4.21,7336.798,,0,1,0,0,0,0,0.001,,0.0,0.0,0,0,0,0,0,0,0,0,1.964732742370165,0,0,0,0,0,0,0,0,0,0,0,0,2092,0.0,0,0,0,0,0,0,0,0,10,0,590,35,4.6,1,1409,7,0,0,7.6087,0.0263,12,0,0,0,3,1,1980,0,1.0,0,0,22,0.2245,3,0,0,0.0,0,2.3978952727983707,3.58351893845611,2.5649493574615367,4.605170185988092,3.1354942159291497,0.0,0.6931471805599453,2.079441541679836,1,1,0,1,1,1,0.9674,High,0.8155,1,0.8915,PRIORITY
758835,TAMARA CAPITAL UAE DESIGNATED ACTIVITY COMPANY,Normal ,DAC - Designated Activity Company (limited by shares),2024-02-29,,2025-07-22,2024-12-31,6499.0,"5th Floor, The Exchange",George's Dock,IFSC,"Dublin, Dublin 1, Ireland",D01 W3P9,1.0,0.0,0.0,0.0,0.0,1.0,1.0,1.0,0.0,1.4142,2.0,1.0,0.0,203.0,203.0,0.0,0.0,0.0,0.0,0.741,0.0,0.0,0.0,1.0,0.0,0.0,0.0,0,2024-12-31,0.84,Dublin,6,-53.0,0.18,0.9378,0,0,DAC - DESIGNATED ACTIVITY COMPANY (LIMITED BY SHARES),5,9,4,0,,Unknown,135,1.0,0,0.340864,0.0263,0.9737,0,0.4195,0.3838,0.52,0.2987,0.7013,-0.0493,-0.0904,0.9523,0.0,0.07,0.002683,0.0,0.0,0.0,1.0,0,4,258.2,9,9,1,1,1,1,0,244,0,0.002,19.013,40789.152,1.0,0,1,0,0,0,0,,2.451632237904823e-05,85.066,0.0,0,0,0,0,0,0,0,0,,0,0,0,0,0,0,0,4,0,4,0,4,210,0.0,0,0,0,0,0,0,0,0,5,0,590,15,2.0,0,1409,4,0,0,7.5,0.0,2,0,0,0,0,1,1980,0,0.0,0,0,2,0.3333,0,0,0,0.0,0,1.791759469228055,2.772588722239781,1.0986122886681098,4.912654885736052,1.0986122886681098,1.6094379124341005,0.0,1.6094379124341005,1,1,1,1,0,0,0.8788,High,0.9013,1,0.89,PRIORITY
628624,SKY VOYAGER AVIATION TRADING IV DESIGNATED ACTIVITY COMPANY,Liquidation,DAC - Designated Activity Company (limited by shares),2018-06-15,,2025-07-01,2024-12-31,7735.0,32 MOLESWORTH STREET,DUBLIN 2,,"DUBLIN 2, DUBLIN, Ireland",D02Y512,1.0,1.0,0.0,1.0,1.0,1.0,1.0,0.0,0.0,0.0,0.0,1.0,0.0,187.7,191.0,0.0,0.0,0.0,0.0,0.685,0.0,0.0,0.0,1.0,0.0,0.0,0.0,0,2024-12-31,6.55,Dublin,6,-68.3,5.89,0.9207,0,0,DAC - DESIGNATED ACTIVITY COMPANY (LIMITED BY SHARES),5,9,4,0,,Unknown,112,1.0,0,0.340864,0.0263,0.9737,0,0.4195,0.3838,0.52,0.2987,0.7013,-0.0493,-0.0904,0.9523,0.0,0.07,0.002683,0.0,0.0,0.0,1.0,0,5,359.8,149,100,0,1,0,0,0,527,0,0.0,0.045,58366.227,128.631,0,1,0,0,1,0,0.226,0.0022038601193118,77.852,0.0,1,0,0,1,0,0,0,0,-0.0632258959518776,0,0,0,0,0,0,0,9,0,3,6,15,2092,6.9,0,0,0,0,0,0,0,0,19,0,590,49,7.7,0,1409,5,0,0,6.3636,0.0,5,2,0,0,3,1,1980,0,1.0,109,1,97,0.3191,27,0,0,0.0,0,2.995732273553991,3.912023005428146,1.791759469228055,4.727387818712341,4.584967478670572,2.302585092994046,0.0,1.791759469228055,1,1,1,1,1,1,0.8566,High,0.9135,1,0.885,PRIORITY
628625,SKY VOYAGER AVIATION TRADING III DESIGNATED ACTIVITY COMPANY,Liquidation,DAC - Designated Activity Company (limited by shares),2018-06-15,,2025-07-01,2024-12-31,7735.0,32 MOLESWORTH STREET,DUBLIN 2,,"DUBLIN 2, DUBLIN, Ireland",D02Y512,1.0,1.0,0.0,1.0,1.0,1.0,1.0,0.0,0.0,0.0,0.0,1.0,0.0,187.7,191.0,0.0,0.0,0.0,0.0,0.685,0.0,0.0,0.0,1.0,0.0,0.0,0.0,0,2024-12-31,6.55,Dublin,6,-68.3,5.89,0.9207,0,0,DAC - DESIGNATED ACTIVITY COMPANY (LIMITED BY SHARES),5,9,4,0,,Unknown,112,1.0,0,0.340864,0.0263,0.9737,0,0.4195,0.3838,0.52,0.2987,0.7013,-0.0493,-0.0904,0.9523,0.0,0.07,0.002683,0.0,0.0,0.0,1.0,0,5,359.8,149,100,0,1,0,0,0,527,0,0.0,0.026,57877.619,31.137,0,1,0,0,1,0,0.067,0.0005379799746081,,0.0,1,1,0,0,0,0,0,0,-0.3866270942956533,0,0,0,0,0,0,0,9,0,3,6,15,2092,6.9,0,0,0,0,0,0,0,0,19,0,590,49,7.7,0,1409,5,0,0,6.3636,0.0,5,2,0,0,3,1,1980,0,1.0,109,1,97,0.3191,27,0,0,0.0,0,2.995732273553991,3.912023005428146,1.791759469228055,4.727387818712341,4.584967478670572,2.302585092994046,0.0,1.791759469228055,1,1,1,0,1,1,0.8566,High,0.9135,1,0.885,PRIORITY
730425,WAVE III FINANCE DESIGNATED ACTIVITY COMPANY,Normal ,DAC - Designated Activity Company (limited by shares),2022-11-29,,2025-04-11,2024-12-31,6492.0,FOURTH FLOOR,3 GEORGE'S DOCK,IFSC,"DUBLIN 1, DUBLIN, Ireland",D01 X5X0,1.0,0.0,0.0,0.0,0.0,1.0,1.0,1.0,0.0,1.4142,2.0,1.0,0.0,104.0,104.0,0.0,0.0,0.0,0.0,0.38,0.0,0.0,0.0,1.0,0.0,0.0,0.0,0,2024-12-31,2.09,Dublin,6,-152.0,1.43,0.9405,0,0,DAC - DESIGNATED ACTIVITY COMPANY (LIMITED BY SHARES),5,9,4,0,,Unknown,70,1.0,0,0.340864,0.0263,0.9737,0,0.4195,0.3838,0.52,0.2987,0.7013,-0.0493,-0.0904,0.9523,0.0,0.07,0.002683,0.0,0.0,0.0,1.0,0,3,64.7,53,39,0,1,0,1,1,148,0,0.001,1.235,154910.198,0.966,0,1,0,0,0,0,,6.235870926974091e-06,0.003,0.0,1,0,0,0,0,0,0,0,,0,0,0,0,0,0,0,4,0,4,0,4,2092,3.0,0,0,0,0,0,0,0,0,6,0,590,14,3.3,0,1409,4,0,0,4.2424,0.0,0,0,0,0,0,0,1980,0,0.0,14,1,14,0.2745,0,0,0,0.0,0,1.9459101490553128,2.70805020110221,0.0,4.262679877041316,2.70805020110221,1.6094379124341005,0.0,1.6094379124341005,1,1,1,1,0,0,0.9674,High,0.7959,1,0.8817,PRIORITY
723443,GLENCAR INVESTMENTS 44 DESIGNATED ACTIVITY COMPANY,Liquidation,DAC - Designated Activity Company (limited by shares),2022-07-28,,2025-07-16,2024-12-31,6619.0,KPMG,"1 Stokes Place, Saint Stephen's Green",,"Dublin 2, DUBLIN, Ireland",D02 DE03,1.0,0.0,0.0,0.0,0.0,1.0,1.0,1.0,0.0,1.4142,2.0,1.0,0.0,197.0,197.0,0.0,0.0,0.0,0.0,0.719,0.0,0.0,0.0,1.0,0.0,0.0,0.0,0,2024-12-31,2.43,Dublin,6,-59.0,1.77,0.9313,0,1,DAC - DESIGNATED ACTIVITY COMPANY (LIMITED BY SHARES),5,9,4,0,,Unknown,91,1.0,0,0.340864,0.0263,0.9737,0,0.4195,0.3838,0.52,0.2987,0.7013,-0.0493,-0.0904,0.9523,0.0,0.07,0.002683,0.0,0.0,0.0,1.0,0,5,352.0,121,100,0,1,0,0,0,527,0,0.005,0.312,15473.011,0.827,0,1,0,0,1,0,,5.344790357868937e-05,0.035,0.0,0,0,0,0,0,0,0,0,,0,0,0,0,0,0,0,0,0,0,0,0,2092,0.0,0,0,0,0,0,0,0,0,7,0,590,19,3.3,1,1409,3,0,0,5.7576,0.0,5,0,0,0,1,1,1980,0,1.0,0,0,22,0.2245,0,0,0,0.0,0,2.079441541679836,2.995732273553991,1.791759469228055,4.5217885770490405,3.1354942159291497,0.0,0.6931471805599453,1.3862943611198906,1,1,1,1,0,0,0.9674,High,0.7737,1,0.8706,PRIORITY
626946,GLENCAR INVESTMENTS VII DESIGNATED ACTIVITY COMPANY,Liquidation,DAC - Designated Activity Company (limited by shares),2018-05-18,,2025-07-07,2024-12-31,6492.0,KPMG,"1 Stokes Place, Saint Stephen's Green",,"Dublin 2, DUBLIN, Ireland",D02 DE03,1.0,1.0,0.0,1.0,1.0,1.0,1.0,0.0,0.0,0.0,0.0,1.0,0.0,266.7,331.0,1.0,0.0,0.0,0.0,0.973,0.0,0.0,0.0,1.0,0.0,0.0,0.0,0,2024-12-31,6.62,Dublin,6,10.7,5.96,0.9313,0,0,DAC - DESIGNATED ACTIVITY COMPANY (LIMITED BY SHARES),5,9,4,0,,Unknown,77,1.0,0,0.340864,0.0263,0.9737,0,0.4195,0.3838,0.52,0.2987,0.7013,-0.0493,-0.0904,0.9523,0.0,0.07,0.002683,0.0,0.0,0.0,1.0,0,12,163.2,175,100,0,1,0,0,0,527,0,7.127,0.849,31.978,,0,1,0,0,1,0,7.121,,,0.0,1,0,0,0,0,0,0,0,4.529751146644276,0,0,0,0,0,0,0,0,0,0,0,0,2092,0.0,0,0,0,0,0,0,0,0,16,0,590,46,7.8,1,1409,7,0,0,5.8974,0.0263,19,1,0,0,1,1,1980,0,1.0,0,0,22,0.2245,13,0,0,0.0,0,2.833213344056216,3.8501476017100575,2.995732273553991,4.356708826689592,3.1354942159291497,0.0,0.6931471805599453,2.079441541679836,1,1,0,0,1,1,0.9674,High,0.7721,1,0.8698,PRIORITY
695485,AP REVOLVER FUND II  DESIGNATED ACTIVITY COMPANY,Liquidation,DAC - Designated Activity Company (limited by shares),2021-05-14,,2025-05-01,2024-12-31,6499.0,KPMG,"1 Stokes Place, Saint Stephen's Green",,"Dublin 2, DUBLIN, Ireland",D02 DE03,1.0,1.0,0.0,1.0,1.0,1.0,1.0,0.0,0.0,0.0,0.0,1.0,0.0,122.3,129.0,0.0,0.0,0.0,0.0,0.446,0.0,0.0,0.0,1.0,0.0,0.0,0.0,0,2024-12-31,3.63,Dublin,6,-133.7,2.97,0.9377,0,0,DAC - DESIGNATED ACTIVITY COMPANY (LIMITED BY SHARES),5,9,4,0,,Unknown,147,1.0,0,0.340864,0.0263,0.9737,0,0.4195,0.3838,0.52,0.2987,0.7013,-0.0493,-0.0904,0.9523,0.0,0.07,0.002683,0.0,0.0,0.0,1.0,0,9,275.3,237,100,1,1,0,1,0,74,0,0.037,1.076,5848.096,0.966,0,1,0,0,0,0,0.0339999999999999,0.000165181966917,0.007,0.0,0,0,0,0,0,0,0,0,2.1892745224191947,0,0,0,0,0,0,0,0,0,0,0,0,2092,0.0,0,0,0,0,0,0,0,0,17,0,590,36,4.7,2,1409,4,0,0,7.6596,0.0,7,0,0,0,4,1,1980,0,1.0,0,0,26593,0.5024,4,0,0,0.0,0,2.8903717578961645,3.610917912644224,2.079441541679836,4.997212273764115,10.188440905416652,0.0,1.0986122886681098,1.6094379124341005,1,1,1,1,1,1,0.8566,High,0.8447,1,0.8506,PRIORITY
631531,DJINN ISSUER DESIGNATED ACTIVITY COMPANY,Normal ,DAC - Designated Activity Company (limited by shares),2018-08-03,,2025-04-02,2024-12-31,3030.0,32 MOLESWORTH STREET,DUBLIN 2,,"DUBLIN 2, DUBLIN, IRELAND",D02Y512,1.0,1.0,0.0,1.0,1.0,1.0,1.0,0.0,0.0,0.0,0.0,1.0,0.0,106.0,130.0,0.0,0.0,0.0,0.0,0.387,0.0,0.0,0.0,1.0,0.0,0.0,0.0,0,2024-12-31,6.41,Dublin,6,-150.0,5.75,0.9401,0,0,DAC - DESIGNATED ACTIVITY COMPANY (LIMITED BY SHARES),5,9,4,0,,Unknown,65,1.0,0,0.340864,0.0263,0.9737,0,0.4195,0.3838,0.52,0.2987,0.7013,-0.0493,-0.0904,0.9523,0.0,0.07,0.002683,0.0,0.0,0.0,1.0,0,10,192.9,123,100,1,1,0,1,0,2,0,0.167,0.699,34652.682,9.661,0,1,0,0,1,0,0.076,0.0002787951593472,39.021,0.0,1,0,0,1,0,0,0,0,0.0217528275346772,0,0,0,0,0,0,0,5,0,0,6,11,2092,6.7,0,0,0,0,0,0,0,0,17,0,590,46,7.7,0,1409,7,0,0,5.974,0.0,9,2,0,0,2,1,2051,0,0.0,109,1,0,0.0,10,0,0,0.0,0,2.8903717578961645,3.8501476017100575,2.302585092994046,4.189654742026425,0.0,1.791759469228055,0.0,2.079441541679836,1,1,1,1,1,1,0.8566,High,0.8388,1,0.8477,PRIORITY
492547,VOYA ALTERNATIVE ASSET MANAGEMENT IRELAND LIMITED,Liquidation,LTD - Private Company Limited by Shares,2010-12-10,,2025-06-10,2024-12-31,6612.0,3 Priory Office Park,Stillorgan Road,Blackrock,"Co. Dublin, DUBLIN, Ireland",A94 PC60,1.0,1.0,0.0,1.0,1.0,1.0,1.0,0.0,0.0,0.0,0.0,1.0,0.0,170.3,211.0,0.0,0.0,0.0,0.0,0.622,0.0,0.0,0.0,1.0,0.0,0.0,0.0,0,2024-12-31,14.06,Dublin,IMP_K,-112.7,6.23,0.9043,1,0,LTD - PRIVATE COMPANY LIMITED BY SHARES,19,9,16,1,U,Extraterritorial Organisations,81,1.0,0,0.340864,0.0263,0.9737,0,0.4195,0.3838,0.52,0.2987,0.7013,-0.0493,-0.0904,0.9523,0.0,0.07,0.002683,0.0,0.0,0.0,1.0,0,9,135.7,100,92,1,1,0,1,0,1,0,49.491,1.98,3797.439,-113.409,1,0,1,1,0,1,-14.478000000000002,-0.0298646008533646,,2.0,0,0,1,1,0,0,0,0,,0,0,0,0,0,0,0,10,0,0,10,20,2092,12.7,0,0,0,0,0,0,0,0,35,0,590,79,15.2,1,1409,4,0,0,5.1974,0.0,12,1,0,0,5,1,1980,0,1.0,0,0,0,0.0,44,0,0,0.0,0,3.58351893845611,4.382026634673881,2.5649493574615367,4.406719247264253,0.0,2.3978952727983707,0.6931471805599453,1.6094379124341005,1,1,1,0,0,1,0.9583,High,0.7308,1,0.8445,PRIORITY
653301,BLACKROCK SPECIAL SITUATIONS DESIGNATED ACTIVITY COMPANY,Normal ,DAC - Designated Activity Company (limited by shares),2019-07-10,,2025-07-01,2024-12-31,6612.0,"The Sidings, 4th Floor",Haddington Road,,"Grand Canal Quay, Dublin 2, Ireland",D02 E7K8,1.0,0.0,0.0,1.0,1.0,1.0,1.0,0.0,0.0,0.0,0.0,1.0,0.0,204.7,242.0,0.0,0.0,0.0,0.0,0.747,0.0,0.0,0.0,1.0,0.0,0.0,0.0,0,2024-12-31,5.48,Dublin,6,-51.3,4.82,0.9289,0,0,DAC - DESIGNATED ACTIVITY COMPANY (LIMITED BY SHARES),5,9,4,0,,Unknown,66,1.0,0,0.340864,0.0263,0.9737,0,0.4195,0.3838,0.52,0.2987,0.7013,-0.0493,-0.0904,0.9523,0.0,0.07,0.002683,0.0,0.0,0.0,0.0,-1,0,0.0,0,0,0,0,1,1,0,369,0,0.006,1.0,50740.024,0.966,0,1,1,0,0,0,0.005,1.9038225129731907e-05,97.939,0.0,0,0,0,0,0,0,0,0,0.8086303459192992,0,0,0,0,0,0,0,0,0,0,0,0,2092,0.0,0,0,0,0,0,0,0,0,17,0,590,37,6.9,2,1409,7,0,0,5.3623,0.0,9,2,0,0,2,1,1993,0,0.0,0,0,92,0.4089,6,0,0,0.0,0,2.8903717578961645,3.6375861597263857,2.302585092994046,4.204692619390966,4.532599493153256,0.0,1.0986122886681098,2.079441541679836,1,1,1,1,1,1,0.9674,High,0.7176,1,0.8425,PRIORITY
616726,GLENCAR INVESTMENTS XIX DESIGNATED ACTIVITY COMPANY,Liquidation,DAC - Designated Activity Company (limited by shares),2017-12-06,,2025-07-07,2024-12-31,6499.0,KPMG,"1 Stokes Place, Saint Stephen's Green",DUBLIN 2,"Dublin 2, DUBLIN, Ireland",D02 DE03,1.0,1.0,0.0,1.0,1.0,1.0,1.0,0.0,0.0,0.0,0.0,1.0,0.0,236.7,328.0,1.0,0.0,0.0,0.0,0.864,0.0,0.0,0.0,1.0,0.0,0.0,0.0,0,2024-12-31,7.07,Dublin,6,-19.3,6.41,0.9313,0,0,DAC - DESIGNATED ACTIVITY COMPANY (LIMITED BY SHARES),5,9,4,0,,Unknown,73,1.0,0,0.340864,0.0263,0.9737,0,0.4195,0.3838,0.52,0.2987,0.7013,-0.0493,-0.0904,0.9523,0.0,0.07,0.002683,0.0,0.0,0.0,1.0,0,12,166.2,170,100,0,1,0,0,0,527,0,1.972,1.02,159.757,0.151,0,1,1,0,0,0,1.963,0.0009451855004788,0.001,0.0,0,0,0,1,0,0,0,0,0.7996693754798769,0,0,0,0,0,0,0,2,0,2,0,2,333,0.0,0,0,0,0,0,0,0,0,18,0,590,53,8.2,2,1409,10,0,0,6.4634,0.0263,18,3,0,0,1,1,1980,0,1.0,0,0,22,0.2245,10,0,0,0.0,0,2.9444389791664403,3.9889840465642745,2.9444389791664403,4.30406509320417,3.1354942159291497,1.0986122886681098,1.0986122886681098,2.3978952727983707,1,1,1,1,1,1,0.8788,High,0.8016,1,0.8402,PRIORITY
687081,ROY AVIATION 379 DESIGNATED ACTIVITY COMPANY,Normal ,DAC - Designated Activity Company (limited by shares),2021-02-02,,2025-06-12,2024-12-31,7735.0,"2ND FLOOR BLOCK 5,","IRISH LIFE CENTRE,","ABBEY STREET LOWER,","DUBLIN 1, DUBLIN, Ireland",D01 P767,1.0,1.0,0.0,1.0,1.0,1.0,1.0,0.0,0.0,0.0,0.0,1.0,0.0,172.3,183.0,0.0,0.0,0.0,0.0,0.629,0.0,0.0,0.0,1.0,0.0,0.0,0.0,0,2024-12-31,3.91,Dublin,7,-69.7,2.98,0.9304,0,1,DAC - DESIGNATED ACTIVITY COMPANY (LIMITED BY SHARES),6,9,4,0,,Unknown,67,1.0,0,0.340864,0.0186,0.9814,0,0.4195,0.3838,0.52,0.2987,0.7013,-0.0493,-0.0904,0.9523,0.0,0.07,0.002683,0.0,0.0,0.0,1.0,0,6,157.0,114,81,1,1,0,1,0,74,0,2.212,0.243,125921.015,,0,1,0,0,1,0,-0.577,,70.017,0.0,0,0,0,0,0,0,0,0,0.0164334623720308,0,0,0,0,0,0,0,4,0,2,2,6,2092,5.0,0,0,0,0,0,0,0,0,13,0,590,36,5.2,0,1409,6,0,0,6.9231,0.0,6,0,0,0,5,1,1980,0,0.0,0,0,19,0.413,1,0,0,0.0,0,2.6390573296152584,3.610917912644224,1.9459101490553128,4.219507705176107,2.995732273553991,1.6094379124341005,0.0,1.9459101490553128,1,1,0,1,1,1,0.8566,High,0.8064,1,0.8315,PRIORITY
687074,ROY AVIATION 60263 DESIGNATED ACTIVITY COMPANY,Normal ,DAC - Designated Activity Company (limited by shares),2021-02-02,,2025-04-08,2024-12-31,7735.0,"2nd Floor, Block 5",Irish Life Centre,Abbey Street Lower,"Dublin 1, DUBLIN, Ireland",D01 P767,1.0,1.0,0.0,1.0,1.0,1.0,1.0,0.0,0.0,0.0,0.0,1.0,0.0,149.7,200.0,0.0,0.0,0.0,0.0,0.546,0.0,0.0,0.0,1.0,0.0,0.0,0.0,0,2024-12-31,3.91,Dublin,7,-92.3,2.98,0.9304,0,1,DAC - DESIGNATED ACTIVITY COMPANY (LIMITED BY SHARES),6,9,4,0,,Unknown,67,1.0,0,0.340864,0.0186,0.9814,0,0.4195,0.3838,0.52,0.2987,0.7013,-0.0493,-0.0904,0.9523,0.0,0.07,0.002683,0.0,0.0,0.0,1.0,0,7,137.1,117,81,1,1,0,1,0,74,0,0.606,0.233,125941.858,,0,1,0,0,1,0,-0.606,,70.08,0.0,0,0,0,0,0,0,0,0,0.0164334457168571,0,0,0,0,0,0,0,4,0,2,2,6,2092,4.9,0,0,0,0,0,0,0,0,13,0,590,38,5.2,0,1409,6,0,0,7.3077,0.0,8,0,0,0,5,1,1980,0,0.0,1,0,19,0.413,1,0,0,0.0,0,2.6390573296152584,3.6635616461296463,2.19722457733622,4.219507705176107,2.995732273553991,1.6094379124341005,0.0,1.9459101490553128,1,1,0,1,1,1,0.8566,High,0.8043,1,0.8304,PRIORITY
687072,ROY AVIATION 60264 DESIGNATED ACTIVITY COMPANY,Normal ,DAC - Designated Activity Company (limited by shares),2021-02-02,,2025-04-08,2024-12-31,7735.0,"2nd Floor, Block 5",Irish Life Centre,Abbey Street Lower,"Dublin 1, DUBLIN, Ireland",D01 P767,1.0,1.0,0.0,1.0,1.0,1.0,1.0,0.0,0.0,0.0,0.0,1.0,0.0,149.7,200.0,0.0,0.0,0.0,0.0,0.546,0.0,0.0,0.0,1.0,0.0,0.0,0.0,0,2024-12-31,3.91,Dublin,7,-92.3,2.98,0.9304,0,1,DAC - DESIGNATED ACTIVITY COMPANY (LIMITED BY SHARES),6,9,4,0,,Unknown,67,1.0,0,0.340864,0.0186,0.9814,0,0.4195,0.3838,0.52,0.2987,0.7013,-0.0493,-0.0904,0.9523,0.0,0.07,0.002683,0.0,0.0,0.0,1.0,0,7,137.1,117,81,1,1,0,1,0,74,0,0.605,0.233,125941.287,,0,1,0,0,1,0,-0.607,,70.079,0.0,0,0,0,0,0,0,0,0,0.0164334457168571,0,0,0,0,0,0,0,4,0,2,2,6,2092,4.9,0,0,0,0,0,0,0,0,13,0,590,38,5.2,0,1409,6,0,0,7.3077,0.0,8,0,0,0,5,1,1980,0,0.0,1,0,19,0.413,1,0,0,0.0,0,2.6390573296152584,3.6635616461296463,2.19722457733622,4.219507705176107,2.995732273553991,1.6094379124341005,0.0,1.9459101490553128,1,1,0,1,1,1,0.8566,High,0.8043,1,0.8304,PRIORITY
632239,BARRY MARITIME 5 DESIGNATED ACTIVITY COMPANY,Normal ,DAC - Designated Activity Company (limited by shares),2018-08-17,,2025-06-11,2024-12-31,6491.0,32 MOLESWORTH STREET,DUBLIN 2,,"DUBLIN 2, DUBLIN, IRELAND",D02Y512,1.0,1.0,0.0,1.0,1.0,1.0,1.0,0.0,0.0,0.0,0.0,1.0,0.0,220.7,272.0,1.0,0.0,0.0,0.0,0.805,0.0,0.0,0.0,1.0,0.0,0.0,0.0,0,2024-12-31,6.37,Dublin,6,-35.3,5.71,0.9386,0,1,DAC - DESIGNATED ACTIVITY COMPANY (LIMITED BY SHARES),5,9,4,0,,Unknown,83,1.0,0,0.340864,0.0263,0.9737,0,0.4195,0.3838,0.52,0.2987,0.7013,-0.0493,-0.0904,0.9523,0.0,0.07,0.002683,0.0,0.0,0.0,1.0,0,8,220.5,138,100,1,1,1,1,0,6,3,0.004,1.069,112671.132,1.045,0,1,1,0,0,0,0.003,9.274780340362604e-06,99.535,0.0,1,0,0,1,0,0,0,0,-0.0149169796171241,0,0,0,0,0,0,0,36,0,15,21,57,2092,6.3,0,0,0,0,0,0,0,0,15,0,590,91,7.3,0,1409,4,0,0,12.4658,0.0263,7,2,0,0,8,1,1980,0,0.0,109,1,161,0.4985,14,0,0,0.0,0,2.772588722239781,4.5217885770490405,2.079441541679836,4.430816798843313,5.087596335232384,3.610917912644224,0.0,1.6094379124341005,1,1,1,1,1,1,0.7231,High,0.9353,1,0.8292,PRIORITY
718713,BPCI ORIGINATOR DESIGNATED ACTIVITY COMPANY,Normal ,DAC - Designated Activity Company (limited by shares),2022-05-09,,2025-04-30,2024-12-31,6492.0,32 Molesworth Street,,,"Dublin, Dublin 2, Ireland",,1.0,0.0,0.0,1.0,1.0,1.0,1.0,0.0,0.0,0.0,0.0,1.0,0.0,125.0,130.0,0.0,0.0,0.0,0.0,0.456,0.0,0.0,0.0,1.0,0.0,0.0,0.0,0,2024-12-31,2.65,Dublin,6,-131.0,1.99,0.9425,0,0,DAC - DESIGNATED ACTIVITY COMPANY (LIMITED BY SHARES),5,9,4,0,,Unknown,84,1.0,0,0.340864,0.0263,0.9737,0,0.4195,0.3838,0.52,0.2987,0.7013,-0.0493,-0.0904,0.9523,0.0,0.07,0.002683,0.0,0.0,0.0,1.0,0,5,379.4,108,100,1,1,0,0,0,527,0,0.002,18.195,118743.228,0.966,0,1,0,0,0,0,0.0,8.135200771196822e-06,0.005,0.0,0,0,0,0,0,0,0,0,1.4649701469314165,0,0,0,0,0,0,0,0,0,0,0,0,2092,0.0,0,0,0,0,0,0,0,0,9,0,590,19,3.0,0,1409,3,0,0,6.3333,0.0,4,0,0,0,3,1,963,0,0.0,14,1,0,0.0,1,0,0,0.0,0,2.302585092994046,2.995732273553991,1.6094379124341005,4.442651256490317,0.0,0.0,0.0,1.3862943611198906,1,1,1,1,1,1,0.8566,High,0.7979,1,0.8272,PRIORITY
325762,BLACK DRAUGHT INVESTMENTS UNLIMITED COMPANY,Liquidation,ULC - Private Unlimited Company,2000-04-08,,2025-05-20,2024-12-31,6420.0,13-18 City Quay,"DUBLIN,Ireland",,"Dublin 2, DUBLIN, Ireland",D02 ED70,1.0,1.0,0.0,1.0,1.0,1.0,1.0,0.0,0.0,0.0,0.0,1.0,0.0,171.0,183.0,0.0,0.0,0.0,0.0,0.624,0.0,0.0,0.0,1.0,0.0,0.0,0.0,0,2024-12-31,24.73,Dublin,IMP_K,-112.0,16.9,0.8962,0,0,ULC - PRIVATE UNLIMITED COMPANY,19,9,41,1,U,Extraterritorial Organisations,223,1.0,0,0.340864,0.0263,0.9737,0,0.4195,0.3838,0.52,0.2987,0.7013,-0.0493,-0.0904,0.9523,0.0,0.07,0.002683,0.0,0.0,0.0,1.0,0,31,24.9,378,268,1,1,0,1,1,7,0,100.0,,54873.0,-6.0,1,0,1,0,0,1,0.0150000000000005,-0.0001093433929254,,2.0,1,0,1,1,0,0,0,0,,0,0,0,0,0,0,0,0,0,0,0,0,2092,0.0,0,0,1,0,0,0,0,0,60,0,590,220,25.5,5,1409,66,0,0,8.6275,0.0,62,0,0,0,20,1,1980,0,1.0,0,0,188,0.4043,129,0,0,0.0,0,4.110873864173311,5.3981627015177525,4.143134726391533,5.41164605185504,5.241747015059643,0.0,1.791759469228055,4.204692619390966,1,0,1,0,0,1,0.8566,High,0.797,1,0.8268,PRIORITY
638352,ZEPPELIN ISSUER DESIGNATED ACTIVITY COMPANY,Normal ,DAC - Designated Activity Company (limited by shares),2018-11-26,,2025-04-02,2024-12-31,7735.0,32 MOLESWORTH STREET,DUBLIN 2,,"DUBLIN 2, DUBLIN, IRELAND",D02Y512,1.0,1.0,0.0,1.0,1.0,1.0,1.0,0.0,0.0,0.0,0.0,1.0,0.0,110.3,143.0,0.0,0.0,0.0,0.0,0.403,0.0,0.0,0.0,1.0,0.0,0.0,0.0,0,2024-12-31,6.1,Dublin,6,-145.7,5.44,0.939,0,0,DAC - DESIGNATED ACTIVITY COMPANY (LIMITED BY SHARES),5,9,4,0,,Unknown,140,1.0,0,0.340864,0.0263,0.9737,0,0.4195,0.3838,0.52,0.2987,0.7013,-0.0493,-0.0904,0.9523,0.0,0.07,0.002683,0.0,0.0,0.0,1.0,0,8,218.5,110,100,1,1,0,1,0,1,0,0.051,0.295,75334.189,9.661,0,1,0,0,1,0,0.0289999999999999,0.000128241906208,69.41,0.0,0,0,0,0,0,0,0,0,0.4292067533670141,0,0,0,0,0,0,0,1,0,0,1,2,2092,6.3,0,0,0,0,0,0,0,0,18,0,590,30,7.4,0,1409,4,0,0,4.0541,0.0,6,1,0,0,0,1,1980,0,0.0,109,1,1,0.3333,14,0,0,0.0,0,2.9444389791664403,3.4339872044851463,1.9459101490553128,4.948759890378168,0.6931471805599453,0.6931471805599453,0.0,1.6094379124341005,1,1,1,1,1,1,0.8788,High,0.7582,1,0.8185,PRIORITY
703443,AURORA SME I DESIGNATED ACTIVITY COMPANY,Liquidation,DAC - Designated Activity Company (limited by shares),2021-09-08,,2025-05-01,2024-12-31,6492.0,FOURTH FLOOR,3 GEORGE'S DOCK,IFSC,"DUBLIN 1, DUBLIN, Ireland",D01 X5X0,1.0,0.0,0.0,1.0,1.0,1.0,1.0,0.0,0.0,0.0,0.0,1.0,0.0,254.0,331.0,1.0,0.0,0.0,0.0,0.927,0.0,0.0,0.0,1.0,0.0,0.0,0.0,0,2024-12-31,3.31,Dublin,6,-2.0,2.65,0.9414,0,0,DAC - DESIGNATED ACTIVITY COMPANY (LIMITED BY SHARES),5,9,4,0,,Unknown,86,1.0,0,0.340864,0.0263,0.9737,0,0.4195,0.3838,0.52,0.2987,0.7013,-0.0493,-0.0904,0.9523,0.0,0.07,0.002683,0.0,0.0,0.0,1.0,0,4,47.0,39,39,0,1,0,1,1,148,0,0.001,0.776,130143.76,1.0,0,1,0,0,1,0,,7.683810579930994e-06,0.005,0.0,0,0,0,0,0,0,0,0,,0,0,0,0,0,0,0,2,0,1,1,3,2092,3.9,0,0,0,0,0,0,0,0,9,0,590,21,4.7,0,1409,2,0,0,4.4681,0.0263,3,0,0,0,2,1,1980,0,1.0,14,1,38,0.3619,2,0,0,0.0,0,2.302585092994046,3.091042453358316,1.3862943611198906,4.465908118654584,3.6635616461296463,1.0986122886681098,0.0,1.0986122886681098,1,1,1,1,0,0,0.8788,High,0.7301,1,0.8044,PRIORITY
628770,KINNERTON RESIDENTIAL DEVELOPMENT II DESIGNATED ACTIVITY COMPANY,Normal ,DAC - Designated Activity Company (limited by shares),2018-06-18,,2025-04-24,2024-12-31,6492.0,BLOCK A,GEORGEE QUAY PLAZA,GEORGES QUAY DUBLIN 2,"DUBLIN 2, DUBLIN, IRELAND",,1.0,1.0,0.0,1.0,1.0,1.0,1.0,0.0,0.0,0.0,0.0,1.0,0.0,202.3,272.0,1.0,0.0,0.0,0.0,0.738,0.0,0.0,0.0,1.0,0.0,0.0,0.0,0,2024-12-31,6.54,Dublin,8,-37.7,6.39,0.9347,0,0,DAC - DESIGNATED ACTIVITY COMPANY (LIMITED BY SHARES),7,9,4,0,,Unknown,86,1.0,0,0.340864,0.0186,0.9814,0,0.4195,0.3838,0.52,0.2987,0.7013,-0.0493,-0.0904,0.9523,0.0,0.07,0.002683,0.0,0.0,0.0,1.0,0,11,41.3,243,99,1,1,0,1,0,113,2,0.005,1.0,84385.033,1.0,0,1,0,0,0,0,0.002,1.1850442720097058e-05,19.664,0.0,1,0,0,0,0,0,0,0,-0.5922538190389733,0,0,0,0,0,0,0,2,0,2,0,2,1737,1.5,0,0,0,0,0,0,0,0,15,0,590,30,7.3,1,2342,4,0,0,4.1096,0.0186,8,1,0,0,0,1,1980,0,0.0,0,0,1,0.125,6,0,0,0.0,0,2.772588722239781,3.4339872044851463,2.19722457733622,4.465908118654584,0.6931471805599453,1.0986122886681098,0.6931471805599453,1.6094379124341005,1,1,1,1,1,1,0.8566,High,0.7432,1,0.7999,PRIORITY
740519,SNAPDRAGON ISSUER  DESIGNATED ACTIVITY COMPANY,Normal ,DAC - Designated Activity Company (limited by shares),2023-05-09,,2025-04-02,2024-12-31,7735.0,32 MOLESWORTH STREET,,,"DUBLIN 2, DUBLIN, Ireland",D02Y512,1.0,0.0,0.0,0.0,1.0,1.0,1.0,0.0,0.0,0.7071,1.0,1.0,0.0,198.5,304.0,1.0,0.0,0.0,0.0,0.724,0.0,0.0,0.0,1.0,0.0,0.0,0.0,0,2024-12-31,1.65,Dublin,6,-57.5,0.99,0.938,0,0,DAC - DESIGNATED ACTIVITY COMPANY (LIMITED BY SHARES),5,9,4,0,,Unknown,223,1.0,0,0.340864,0.0263,0.9737,0,0.4195,0.3838,0.52,0.2987,0.7013,-0.0493,-0.0904,0.9523,0.0,0.07,0.002683,0.0,0.0,0.0,1.0,0,7,256.9,118,100,1,1,0,0,0,0,0,0.0,0.304,32875.385,,0,1,0,1,1,0,,,35.853,0.0,0,0,0,0,0,0,0,0,,0,0,0,0,0,0,0,2,0,1,1,3,2092,1.8,0,0,0,0,0,0,0,0,7,0,590,23,3.0,0,1409,5,0,0,7.6667,0.0263,4,0,0,0,4,1,183,0,0.0,14,1,0,0.0,0,0,0,0.0,0,2.079441541679836,3.1780538303479458,1.6094379124341005,5.41164605185504,0.0,1.0986122886681098,0.0,1.791759469228055,1,1,0,1,0,0,0.8566,High,0.7432,1,0.7999,PRIORITY
606521,AVOLON AEROSPACE (IRELAND) AOE 119 LIMITED,Dissolved PostMerger,LTD - Private Company Limited by Shares,2017-06-21,,2025-06-21,2024-12-31,3030.0,NUMBER ONE BALLSBRIDGE BUILDING 1,SHELBOURNE ROAD,BALLSBRIDGE DUBLIN 4 IRELAND,"BALLSBRIDGE, DUBLIN, Ireland",,1.0,1.0,0.0,1.0,1.0,1.0,1.0,0.0,0.0,0.0,0.0,1.0,0.0,178.7,188.0,0.0,0.0,0.0,0.0,0.652,0.0,0.0,0.0,1.0,0.0,0.0,0.0,0,2024-12-31,7.53,Dublin,7,-63.3,6.6,0.9027,0,1,LTD - PRIVATE COMPANY LIMITED BY SHARES,6,9,16,0,,Unknown,58,1.0,0,0.340864,0.0186,0.9814,0,0.4195,0.3838,0.52,0.2987,0.7013,-0.0493,-0.0904,0.9523,0.0,0.07,0.002683,0.0,0.0,0.0,1.0,0,14,124.9,42,10,1,1,0,0,0,0,0,-18.832,0.842,30631.822,-1344.798,1,1,1,1,1,1,-8.436,-0.0439019918567037,15.712,2.0,0,0,0,1,0,0,0,0,-0.0041139921345789,0,0,0,0,0,0,0,2,0,0,2,4,18,6.9,0,0,0,0,0,0,0,0,21,0,590,44,8.3,1,2329,4,0,0,5.3012,0.0,12,2,0,0,2,1,1980,0,1.0,3,1,47,0.1114,13,1,0,0.0,0,3.091042453358316,3.80666248977032,2.5649493574615367,4.07753744390572,3.871201010907891,1.0986122886681098,0.6931471805599453,1.6094379124341005,1,1,1,1,1,1,0.9674,High,0.5945,1,0.781,PRIORITY
731584,FODIATORFUNDING DESIGNATED ACTIVITY COMPANY,Normal ,DAC - Designated Activity Company (limited by shares),2022-12-14,,2025-07-01,2024-12-31,7735.0,Aviation House,,,"Shannon, CLARE, Ireland",V14 AN29,1.0,0.0,0.0,0.0,0.0,1.0,1.0,1.0,0.0,1.4142,2.0,1.0,0.0,190.0,190.0,0.0,0.0,0.0,0.0,0.693,0.0,0.0,0.0,1.0,0.0,0.0,0.0,0,2024-12-31,2.05,Clare,7,-52.0,1.12,0.9328,0,0,DAC - DESIGNATED ACTIVITY COMPANY (LIMITED BY SHARES),6,4,4,0,,Unknown,213,1.0,0,0.024153,0.0186,0.9814,0,0.4195,0.3838,0.52,0.2987,0.7013,-0.0523,-0.0904,0.9523,0.0,0.07,0.002683,0.0,0.0,0.0,0.0,-1,0,0.0,0,0,0,0,0,1,0,284,0,0.055,1.001,24420.828,9.661,0,1,0,0,0,0,,0.0003956049319867,,0.0,0,0,0,0,0,0,0,0,,0,0,0,0,0,0,0,0,0,0,0,0,2092,0.0,0,0,0,0,0,0,0,0,7,0,590,14,2.6,0,1409,2,0,0,5.3846,0.0,1,0,0,0,4,1,263,0,0.0,10,1,0,0.0,0,0,0,0.0,0,2.079441541679836,2.70805020110221,0.6931471805599453,5.365976015021851,0.0,0.0,0.0,1.0986122886681098,1,1,1,0,0,0,0.8566,High,0.6984,1,0.7775,PRIORITY
657905,BANNA RMBS DESIGNATED ACTIVITY COMPANY,Normal ,DAC - Designated Activity Company (limited by shares),2019-09-27,,2025-07-01,2024-12-31,6619.0,32 MOLESWORTH STREET,DUBLIN 2,,"DUBLIN 2, DUBLIN, IRELAND",,1.0,1.0,0.0,1.0,1.0,1.0,1.0,0.0,0.0,0.0,0.0,1.0,0.0,211.7,248.0,0.0,0.0,0.0,0.0,0.773,0.0,0.0,0.0,1.0,0.0,0.0,0.0,0,2024-12-31,5.26,Dublin,6,-44.3,4.6,0.9408,0,0,DAC - DESIGNATED ACTIVITY COMPANY (LIMITED BY SHARES),5,9,4,0,,Unknown,93,1.0,0,0.340864,0.0263,0.9737,0,0.4195,0.3838,0.52,0.2987,0.7013,-0.0493,-0.0904,0.9523,0.0,0.07,0.002683,0.0,0.0,0.0,1.0,0,6,290.2,156,100,0,1,0,0,0,527,0,0.012,0.203,40268.286,1.21,0,1,0,0,1,0,0.007,3.004846046836957e-05,0.047,0.0,1,0,0,0,0,0,0,0,0.4654500975024003,0,0,0,0,0,0,0,2,0,2,0,2,1861,0.0,0,0,0,0,0,0,0,0,16,0,590,29,5.8,0,1409,6,0,0,5.0,0.0,5,1,0,0,0,1,1980,0,0.0,109,1,5,0.3846,4,0,0,0.0,0,2.833213344056216,3.4011973816621555,1.791759469228055,4.543294782270004,1.791759469228055,1.0986122886681098,0.0,1.9459101490553128,1,1,1,1,1,1,0.7231,High,0.8304,1,0.7768,PRIORITY
596132,OZ KALMIA DESIGNATED ACTIVITY COMPANY,Liquidation,DAC - Designated Activity Company (limited by shares),2017-01-10,,2025-06-24,2024-12-31,6491.0,BDO IRELAND,"BLOCK 3 Miesian Plaza, 50-58 Baggot Street Lower",Dublin Docklands,"Dublin 2, DUBLIN, Ireland",D02 Y754,1.0,0.0,0.0,1.0,1.0,1.0,1.0,0.0,0.0,0.0,0.0,1.0,0.0,180.7,185.0,0.0,0.0,0.0,0.0,0.659,0.0,0.0,0.0,1.0,0.0,0.0,0.0,0,2024-12-31,7.97,Dublin,6,-75.3,7.31,0.9414,0,0,DAC - DESIGNATED ACTIVITY COMPANY (LIMITED BY SHARES),5,9,4,0,,Unknown,74,1.0,0,0.340864,0.0263,0.9737,0,0.4195,0.3838,0.52,0.2987,0.7013,-0.0493,-0.0904,0.9523,0.0,0.07,0.002683,0.0,0.0,0.0,0.0,-1,0,0.0,0,0,0,0,0,1,0,82,0,0.158,1.002,2728.75,1.105,0,1,0,0,0,0,0.123,0.0004049473202015,,2.0,1,0,0,1,0,0,0,0,-0.3071368708986289,0,0,0,0,0,0,0,8,0,0,9,17,2092,8.6,0,0,0,0,0,0,0,0,25,0,590,57,9.2,2,1409,2,0,0,6.1957,0.0,6,1,0,0,3,1,1980,0,1.0,0,0,26593,0.5024,18,0,0,0.0,0,3.258096538021482,4.060443010546419,1.9459101490553128,4.31748811353631,10.188440905416652,2.19722457733622,1.0986122886681098,1.0986122886681098,1,1,1,0,1,1,0.8788,High,0.672,1,0.7754,PRIORITY
485884,FORTRESS IRELAND LEASING LIMITED,Normal ,LTD - Private Company Limited by Shares,2010-06-22,,2025-07-01,2024-12-31,7735.0,Aviation House,,,"Shannon, CLARE, Ireland",V14 AN29,1.0,1.0,0.0,1.0,1.0,1.0,1.0,0.0,0.0,0.0,0.0,1.0,0.0,235.7,277.0,1.0,0.0,0.0,0.0,0.86,0.0,0.0,0.0,1.0,0.0,0.0,0.0,0,2024-12-31,14.53,Clare,IMP_K,-47.3,6.7,0.8857,0,0,LTD - PRIVATE COMPANY LIMITED BY SHARES,19,4,16,1,U,Extraterritorial Organisations,45,1.0,0,0.024153,0.0263,0.9737,0,0.4195,0.3838,0.52,0.2987,0.7013,-0.0523,-0.0904,0.9523,0.0,0.07,0.002683,0.0,0.0,0.0,1.0,0,15,169.0,361,268,1,1,0,1,0,284,0,100.0,,4727.079,4.83,0,0,1,0,0,0,22.056,0.0010217726422596,45.45,1.0,1,0,0,1,0,0,0,0,-0.8416266982014943,0,0,0,0,0,0,0,0,0,0,0,0,2092,0.0,0,0,0,0,0,0,0,0,32,0,590,66,15.0,2,965,8,0,0,4.4,0.0263,15,2,0,0,9,1,2955,0,0.0,10,1,23,0.3333,23,0,0,0.0,0,3.49650756146648,4.204692619390966,2.772588722239781,3.828641396489095,3.1780538303479458,0.0,1.0986122886681098,2.19722457733622,1,0,1,1,1,1,0.7231,High,0.8255,1,0.7743,PRIORITY
485949,HARMONIC AIRCRAFT LEASING LIMITED,Normal ,LTD - Private Company Limited by Shares,2010-06-23,,2025-06-11,2024-12-31,7735.0,Aviation House,,,"Shannon, CLARE, Ireland",V14 AN29,1.0,1.0,0.0,1.0,1.0,1.0,1.0,0.0,0.0,0.0,0.0,1.0,0.0,248.7,304.0,1.0,0.0,0.0,0.0,0.908,0.0,0.0,0.0,1.0,0.0,0.0,0.0,0,2024-12-31,14.52,Clare,IMP_K,-34.3,6.69,0.8455,0,0,LTD - PRIVATE COMPANY LIMITED BY SHARES,19,4,16,1,U,Extraterritorial Organisations,90,1.0,0,0.024153,0.0263,0.9737,0,0.4195,0.3838,0.52,0.2987,0.7013,-0.0523,-0.0904,0.9523,0.0,0.07,0.002683,0.0,0.0,0.0,1.0,0,12,138.0,71,16,1,1,0,1,0,284,0,-22.862,0.0,41019.224,-613.466,1,1,0,1,1,1,-2.901,-0.0149555730259548,42.157,2.0,0,0,0,0,0,0,0,0,0.1351559790008363,0,0,0,0,0,0,0,3,0,0,3,6,1805,9.3,0,0,0,0,0,0,0,0,31,0,590,63,15.0,2,965,4,0,0,4.2,0.0263,14,1,0,0,6,1,2958,0,0.0,10,1,3,0.3333,56,0,0,0.0,0,3.4657359027997265,4.158883083359672,2.70805020110221,4.51085950651685,1.3862943611198906,1.3862943611198906,1.0986122886681098,1.6094379124341005,1,1,1,1,1,1,0.7231,High,0.8245,1,0.7738,PRIORITY
606522,AVOLON AEROSPACE (IRELAND) AOE 122 LIMITED,Dissolved PostMerger,LTD - Private Company Limited by Shares,2017-06-21,,2025-06-21,2024-12-31,3030.0,NUMBER ONE BALLSBRIDGE BUILDING 1,SHELBOURNE ROAD,BALLSBRIDGE DUBLIN 4 IRELAND,"BALLSBRIDGE, DUBLIN, Ireland",,1.0,1.0,0.0,1.0,1.0,1.0,1.0,0.0,0.0,0.0,0.0,1.0,0.0,189.0,205.0,0.0,0.0,0.0,0.0,0.69,0.0,0.0,0.0,1.0,0.0,0.0,0.0,0,2024-12-31,7.53,Dublin,7,-53.0,6.6,0.9027,0,1,LTD - PRIVATE COMPANY LIMITED BY SHARES,6,9,16,0,,Unknown,58,1.0,0,0.340864,0.0186,0.9814,0,0.4195,0.3838,0.52,0.2987,0.7013,-0.0493,-0.0904,0.9523,0.0,0.07,0.002683,0.0,0.0,0.0,1.0,0,14,124.9,42,10,1,1,0,0,0,0,0,2.276,3.193,45977.199,1220.172,0,1,0,0,0,0,0.8179999999999998,0.0265386327688209,55.889,1.0,0,0,0,0,0,0,0,0,0.0164333278231649,0,0,0,0,0,0,0,1,0,0,1,2,546,5.3,0,0,0,0,0,0,0,0,20,0,590,41,8.3,1,2329,4,0,0,4.9398,0.0,12,2,0,0,2,1,1980,0,1.0,3,1,47,0.1114,13,1,0,0.0,0,3.044522437723423,3.737669618283368,2.5649493574615367,4.07753744390572,3.871201010907891,0.6931471805599453,0.6931471805599453,1.6094379124341005,1,1,1,1,1,1,0.9747,High,0.5616,1,0.7681,PRIORITY
323129,BLACK LIQUID INVESTMENTS (IRELAND) UNLIMITED COMPANY,Liquidation,ULC - Private Unlimited Company,2000-03-15,,2025-05-20,2024-12-31,6411.0,GRANT THORNTON,13-18 City Quay,,"Dublin 2, DUBLIN, Ireland",D02 ED70,1.0,1.0,0.0,1.0,1.0,1.0,1.0,0.0,0.0,0.0,0.0,1.0,0.0,171.0,183.0,0.0,0.0,0.0,0.0,0.624,0.0,0.0,0.0,1.0,0.0,0.0,0.0,0,2024-12-31,24.8,Dublin,IMP_K,-112.0,16.97,0.8983,0,0,ULC - PRIVATE UNLIMITED COMPANY,19,9,41,1,U,Extraterritorial Organisations,98,1.0,0,0.340864,0.0263,0.9737,0,0.4195,0.3838,0.52,0.2987,0.7013,-0.0493,-0.0904,0.9523,0.0,0.07,0.002683,0.0,0.0,0.0,1.0,0,34,23.4,399,268,1,1,0,1,1,7,1,100.0,,56950.0,-6.0,1,0,1,0,0,1,0.0649999999999977,-0.0001053555750658,,2.0,0,0,1,1,0,0,0,0,,0,0,0,0,0,0,0,0,0,0,0,0,2092,0.0,0,0,0,0,0,0,0,0,60,0,590,169,25.6,5,1409,29,0,0,6.6016,0.0,66,1,0,0,7,1,1980,0,1.0,0,0,188,0.4043,72,0,0,0.0,0,4.110873864173311,5.135798437050262,4.204692619390966,4.59511985013459,5.241747015059643,0.0,1.791759469228055,3.4011973816621555,1,0,1,0,0,1,0.8566,High,0.6754,1,0.766,PRIORITY
606523,AVOLON AEROSPACE (IRELAND) AOE 123 LIMITED,Dissolved PostMerger,LTD - Private Company Limited by Shares,2017-06-21,,2025-06-21,2024-12-31,7735.0,NUMBER ONE BALLSBRIDGE BUILDING 1,SHELBOURNE ROAD,BALLSBRIDGE DUBLIN 4 IRELAND,"BALLSBRIDGE, DUBLIN, Ireland",,1.0,1.0,0.0,1.0,1.0,1.0,1.0,0.0,0.0,0.0,0.0,1.0,0.0,189.0,205.0,0.0,0.0,0.0,0.0,0.69,0.0,0.0,0.0,1.0,0.0,0.0,0.0,0,2024-12-31,7.53,Dublin,7,-53.0,6.6,0.9027,0,1,LTD - PRIVATE COMPANY LIMITED BY SHARES,6,9,16,0,,Unknown,58,1.0,0,0.340864,0.0186,0.9814,0,0.4195,0.3838,0.52,0.2987,0.7013,-0.0493,-0.0904,0.9523,0.0,0.07,0.002683,0.0,0.0,0.0,1.0,0,14,124.9,42,10,1,1,0,0,0,0,0,0.367,1.183,72563.034,710.076,0,1,0,0,0,0,0.762,0.0097856437480274,55.751,0.0,0,0,0,0,0,0,0,0,0.0164335976721579,0,0,0,0,0,0,0,2,0,2,0,2,2510,0.0,0,0,0,0,0,0,0,0,20,0,590,41,8.3,1,2329,4,0,0,4.9398,0.0,12,2,0,0,2,1,1980,0,1.0,3,1,47,0.1114,13,1,0,0.0,0,3.044522437723423,3.737669618283368,2.5649493574615367,4.07753744390572,3.871201010907891,1.0986122886681098,0.6931471805599453,1.6094379124341005,1,1,1,1,1,1,0.9674,High,0.5602,1,0.7638,PRIORITY
666089,GLENCAR INVESTMENTS 29 DESIGNATED ACTIVITY COMPANY,Liquidation,DAC - Designated Activity Company (limited by shares),2020-02-07,,2025-06-19,2024-12-31,6499.0,KPMG,"1 Stokes Place, Saint Stephen's Green",,"Dublin 2, DUBLIN, Ireland",D02 DE03,1.0,1.0,0.0,1.0,1.0,1.0,1.0,0.0,0.0,0.0,0.0,1.0,0.0,257.7,331.0,1.0,0.0,0.0,0.0,0.941,0.0,0.0,0.0,1.0,0.0,0.0,0.0,0,2024-12-31,4.9,Dublin,6,1.7,4.24,0.9313,0,1,DAC - DESIGNATED ACTIVITY COMPANY (LIMITED BY SHARES),5,9,4,0,,Unknown,77,1.0,0,0.340864,0.0263,0.9737,0,0.4195,0.3838,0.52,0.2987,0.7013,-0.0493,-0.0904,0.9523,0.0,0.07,0.002683,0.0,0.0,0.0,1.0,0,8,213.8,166,100,0,1,1,1,0,5,0,1.891,2.613,191.947,1.208,0,1,0,0,0,0,1.89,0.0062934039083705,0.013,0.0,1,0,0,0,0,0,0,0,-0.0125454306311455,0,0,0,0,0,0,0,0,0,0,0,0,2092,0.0,0,0,0,0,0,0,0,0,17,0,590,40,6.1,1,1409,3,0,0,6.5574,0.0263,14,1,0,0,3,1,1980,0,1.0,0,0,22,0.2245,6,0,0,0.0,0,2.8903717578961645,3.713572066704308,2.70805020110221,4.356708826689592,3.1354942159291497,0.0,0.6931471805599453,1.3862943611198906,1,1,1,1,1,1,0.7231,High,0.8021,1,0.7626,PRIORITY
606525,AVOLON AEROSPACE (IRELAND) AOE 125 LIMITED,Dissolved PostMerger,LTD - Private Company Limited by Shares,2017-06-21,,2025-06-21,2024-12-31,3030.0,NUMBER ONE BALLSBRIDGE BUILDING 1,SHELBOURNE ROAD,BALLSBRIDGE DUBLIN 4 IRELAND,"BALLSBRIDGE, DUBLIN, Ireland",,1.0,1.0,0.0,1.0,1.0,1.0,1.0,0.0,0.0,0.0,0.0,1.0,0.0,189.0,205.0,0.0,0.0,0.0,0.0,0.69,0.0,0.0,0.0,1.0,0.0,0.0,0.0,0,2024-12-31,7.53,Dublin,7,-53.0,6.6,0.9027,0,1,LTD - PRIVATE COMPANY LIMITED BY SHARES,6,9,16,0,,Unknown,58,1.0,0,0.340864,0.0186,0.9814,0,0.4195,0.3838,0.52,0.2987,0.7013,-0.0493,-0.0904,0.9523,0.0,0.07,0.002683,0.0,0.0,0.0,1.0,0,14,124.9,42,10,1,1,0,0,0,0,0,-4.349,1.072,43047.048,999.903,0,1,0,0,0,0,8.006,0.0232281433096178,53.736,1.0,0,0,0,0,0,0,0,0,0.0318153210710274,0,0,0,0,0,0,0,1,0,1,0,1,1663,0.0,0,0,0,0,0,0,0,0,21,0,590,43,8.5,1,2329,5,0,0,5.0588,0.0,12,2,0,0,3,1,1980,0,1.0,3,1,47,0.1114,13,1,0,0.0,0,3.091042453358316,3.784189633918261,2.5649493574615367,4.07753744390572,3.871201010907891,0.6931471805599453,0.6931471805599453,1.791759469228055,1,1,1,1,1,1,0.9674,High,0.5576,1,0.7625,PRIORITY
608062,AVOLON AEROSPACE (IRELAND) AOE 127 LIMITED,Dissolved PostMerger,LTD - Private Company Limited by Shares,2017-07-17,,2025-07-17,2024-12-31,7735.0,NUMBER ONE BALLSBRIDGE BUILDING 1,SHELBOURNE ROAD,BALLSBRIDGE DUBLIN 4 IRELAND,"BALLSBRIDGE, DUBLIN, Ireland",,1.0,1.0,0.0,2.0,1.0,1.0,1.333,0.0,0.0,0.3536,0.0,1.0,0.0,207.5,222.0,0.0,0.0,0.0,0.0,0.757,1.0,0.0,1.0,1.0,0.0,0.0,0.0,0,2024-12-31,7.46,Dublin,7,-34.5,6.53,0.9027,0,1,LTD - PRIVATE COMPANY LIMITED BY SHARES,6,9,16,0,,Unknown,69,1.0,0,0.340864,0.0186,0.9814,0,0.4195,0.3838,0.52,0.2987,0.7013,-0.0493,-0.0904,0.9523,0.0,0.07,0.002683,0.0,0.0,0.0,1.0,0,15,116.7,42,10,1,1,0,0,0,0,0,1.728,1.489,57474.639,852.091,0,1,0,0,0,0,1.843,0.0148255128666401,55.286,1.0,0,0,0,0,0,0,0,0,0.0319616490091689,0,0,0,0,0,0,0,3,0,2,1,4,2092,6.4,0,0,0,0,0,0,0,0,21,0,590,45,8.5,1,2329,4,0,0,5.2941,0.0,13,2,0,0,2,1,1980,0,1.0,3,1,47,0.1114,19,1,0,0.0,0,3.091042453358316,3.828641396489095,2.6390573296152584,4.248495242049359,3.871201010907891,1.3862943611198906,0.6931471805599453,1.6094379124341005,1,1,1,1,1,1,0.9747,High,0.5477,1,0.7612,PRIORITY
723134,MATCH SAILING LIMITED,Normal ,LTD - Private Company Limited by Shares,2022-07-25,,2026-04-20,2024-12-31,6420.0,The Tara Building,11-15 Tara Street,"DUBLIN,Dublin 2","Dublin 2, DUBLIN, Ireland",D02 RY83,1.0,0.0,0.0,0.0,0.0,1.0,1.0,1.0,0.0,1.4142,2.0,1.0,0.0,205.0,205.0,0.0,0.0,0.0,0.0,0.748,0.0,0.0,0.0,1.0,0.0,0.0,0.0,0,2024-12-31,2.44,Dublin,6,-51.0,1.78,0.8346,0,0,LTD - PRIVATE COMPANY LIMITED BY SHARES,5,9,16,0,,Unknown,82,1.0,0,0.340864,0.0263,0.9737,0,0.4195,0.3838,0.52,0.2987,0.7013,-0.0493,-0.0904,0.9523,0.0,0.07,0.002683,0.0,0.0,0.0,0.0,-1,0,0.0,0,0,0,0,1,1,0,1,0,-56.714,0.007,2986.312,,0,1,0,1,1,0,,,,0.0,0,0,0,0,0,0,0,0,,0,0,0,0,0,0,0,0,0,0,0,0,2092,0.0,0,0,0,0,0,0,0,0,6,0,590,15,3.3,2,1409,4,0,0,4.5455,0.0,3,0,0,0,0,1,1980,0,0.0,1,0,7,0.35,0,0,0,0.0,0,1.9459101490553128,2.772588722239781,1.3862943611198906,4.418840607796598,2.079441541679836,0.0,1.0986122886681098,1.6094379124341005,1,1,0,0,0,0,0.9167,High,0.5993,1,0.758,PRIORITY
706147,MIRAVAST ILS CREDIT OPPORTUNITIES II DESIGNATED ACTIVITY COMPANY,Normal ,DAC - Designated Activity Company (limited by shares),2021-10-15,,2026-03-31,2025-12-31,6492.0,32 Molesworth Street,,,"Dublin 2, DUBLIN, Ireland",,1.0,0.0,0.0,1.0,1.0,1.0,1.0,0.0,0.0,0.0,0.0,1.0,0.0,97.3,104.0,0.0,0.0,0.0,0.0,0.355,0.0,0.0,0.0,1.0,0.0,0.0,0.0,0,2024-12-31,3.21,Dublin,6,-158.7,2.55,0.9367,0,0,DAC - DESIGNATED ACTIVITY COMPANY (LIMITED BY SHARES),5,9,4,0,,Unknown,68,1.0,0,0.340864,0.0263,0.9737,0,0.4195,0.3838,0.52,0.2987,0.7013,-0.0493,-0.0904,0.9523,0.0,0.07,0.002683,0.0,0.0,0.0,1.0,0,7,278.3,174,100,1,1,0,0,0,527,0,0.001,1.0,258105.852,0.851,0,1,0,0,0,0,,3.2970968825611903e-06,0.003,0.0,0,0,0,0,0,0,0,0,,0,0,0,0,0,0,0,0,0,0,0,0,2092,0.0,0,0,0,0,0,0,0,0,11,0,590,24,4.5,0,1409,4,0,0,5.3333,0.0,9,0,0,0,0,1,1980,0,0.0,14,1,2,0.4,0,0,0,0.0,0,2.4849066497880004,3.218875824868201,2.302585092994046,4.23410650459726,1.0986122886681098,0.0,0.0,1.6094379124341005,1,1,1,1,0,0,0.7209,High,0.7925,1,0.7567,PRIORITY
697350,RIVE ENGINE LEASING LIMITED,Liquidation,LTD - Private Company Limited by Shares,2021-06-04,,2025-05-01,2024-12-31,7735.0,Fourth Floor,3 Georges Dock,,"IFSC, Dublin 1, Ireland",,1.0,0.0,0.0,2.0,1.0,1.0,1.333,0.0,0.0,0.3536,0.0,1.0,0.0,213.2,284.0,1.0,0.0,0.0,0.0,0.778,1.0,0.0,1.0,1.0,0.0,0.0,0.0,0,2024-12-31,3.58,Dublin,7,-28.8,2.65,0.8702,0,0,LTD - PRIVATE COMPANY LIMITED BY SHARES,6,9,16,0,,Unknown,223,1.0,0,0.340864,0.0186,0.9814,0,0.4195,0.3838,0.52,0.2987,0.7013,-0.0493,-0.0904,0.9523,0.0,0.07,0.002683,0.0,0.0,0.0,0.0,-1,0,0.0,0,0,0,0,0,1,1,148,0,0.008,0.051,20755.818,0.904,0,1,0,0,1,0,0.005,4.355405313343951e-05,61.627,0.0,0,0,0,0,0,0,0,0,0.025819932050745,0,0,0,0,0,0,0,6,0,3,3,9,2092,4.0,0,0,0,0,0,0,0,0,9,0,590,38,4.5,1,1287,3,0,0,8.4444,0.0186,10,0,0,0,4,1,1980,0,1.0,1,0,2,0.125,5,0,0,0.0,0,2.302585092994046,3.6635616461296463,2.3978952727983707,5.41164605185504,1.0986122886681098,1.9459101490553128,0.6931471805599453,1.3862943611198906,1,1,1,1,1,1,0.7209,High,0.7914,1,0.7561,PRIORITY
498684,ILFC AIRCRAFT 32A-3116 LIMITED,Dissolved PostMerger,LTD - Private Company Limited by Shares,2011-05-13,,2025-07-01,2024-12-31,6499.0,Aviation House,,,"Shannon, CLARE, Ireland",V14 AN29,1.0,1.0,0.0,1.0,1.0,1.0,1.0,0.0,0.0,0.0,0.0,1.0,0.0,236.3,284.0,1.0,0.0,0.0,0.0,0.862,0.0,0.0,0.0,1.0,0.0,0.0,0.0,0,2024-12-31,13.64,Clare,UNKNOWN,-45.7,5.86,0.6496,0,1,LTD - PRIVATE COMPANY LIMITED BY SHARES,28,4,16,0,U,Extraterritorial Organisations,71,1.0,0,0.024153,0.0263,0.9737,0,0.4195,0.3838,0.52,0.2987,0.7013,-0.0523,-0.0904,0.9523,0.0,0.07,0.002683,0.0,0.0,0.0,1.0,0,12,185.5,338,268,1,1,0,0,0,0,0,100.0,,8511.255,11837.504,0,0,0,0,0,0,12.825999999999992,1.3908059387246654,,0.0,0,0,0,0,0,0,0,0,0.0865371076790246,0,0,0,0,0,0,0,2,0,0,2,4,2000,7.6,0,0,0,0,0,0,0,0,29,0,590,57,14.6,2,965,6,0,0,3.9041,0.0263,11,1,0,0,5,1,1980,0,1.0,10,1,13,0.1757,38,0,0,0.0,0,3.4011973816621555,4.060443010546419,2.4849066497880004,4.276666119016055,2.6390573296152584,1.0986122886681098,1.0986122886681098,1.9459101490553128,1,0,1,0,1,1,0.8859,High,0.6104,1,0.7482,PRIORITY
687948,450 AIRCRAFT LEASING MSN 60280 B787 DESIGNATED ACTIVITY COMPANY,Normal ,DAC - Designated Activity Company (limited by shares),2021-02-16,,2025-06-12,2024-12-31,7735.0,32 Molesworth Street,,,"Dublin 2, DUBLIN, Ireland",,1.0,1.0,0.0,1.0,1.0,1.0,1.0,0.0,0.0,0.0,0.0,1.0,0.0,179.7,191.0,0.0,0.0,0.0,0.0,0.656,0.0,0.0,0.0,1.0,0.0,0.0,0.0,0,2024-12-31,3.87,Dublin,6,-76.3,3.21,0.9348,0,1,DAC - DESIGNATED ACTIVITY COMPANY (LIMITED BY SHARES),5,9,4,0,,Unknown,90,1.0,0,0.340864,0.0263,0.9737,0,0.4195,0.3838,0.52,0.2987,0.7013,-0.0493,-0.0904,0.9523,0.0,0.07,0.002683,0.0,0.0,0.0,1.0,0,7,251.7,126,100,1,1,0,0,0,527,0,-0.164,0.279,125443.095,0.966,0,1,0,1,1,0,-0.165,7.700702856542243e-06,58.997,0.0,0,0,0,0,0,0,0,0,-0.1592227487594412,0,0,0,0,0,0,0,6,0,4,2,8,2092,4.6,0,0,0,0,0,0,0,0,12,0,590,41,5.2,0,1409,9,0,0,7.8846,0.0,8,0,0,0,3,1,1980,0,0.0,14,1,0,0.0,0,0,0,0.0,0,2.5649493574615367,3.737669618283368,2.19722457733622,4.51085950651685,0.0,1.9459101490553128,0.0,2.302585092994046,1,1,1,1,1,1,0.5955,High,0.8973,1,0.7464,PRIORITY
649131,CONTRAIL FUNDING 1 LIMITED,Normal ,LTD - Private Company Limited by Shares,2019-05-01,,2025-07-02,2024-12-31,3030.0,32 MOLESWORTH STREET,DUBLIN 2,,"DUBLIN 2, DUBLIN, IRELAND",D02Y512,1.0,1.0,0.0,1.0,1.0,1.0,1.0,0.0,0.0,0.0,0.0,1.0,0.0,178.7,184.0,0.0,0.0,0.0,0.0,0.652,0.0,0.0,0.0,1.0,0.0,0.0,0.0,0,2024-12-31,5.67,Dublin,6,-77.3,5.01,0.8504,0,1,LTD - PRIVATE COMPANY LIMITED BY SHARES,5,9,16,0,,Unknown,36,1.0,0,0.340864,0.0263,0.9737,0,0.4195,0.3838,0.52,0.2987,0.7013,-0.0493,-0.0904,0.9523,0.0,0.07,0.002683,0.0,0.0,0.0,1.0,0,11,171.2,130,100,1,1,1,0,0,2,1,9.794,1.0,67760.014,-69.347,1,0,0,0,0,1,2.6180000000000003,-0.0010234206858339,-1.456,2.0,1,0,1,0,1,0,0,0,0.056594663295467,0,0,0,0,0,0,0,3,0,2,1,4,2092,5.8,0,0,0,0,0,0,0,0,15,0,590,39,6.3,0,1409,3,0,0,6.1905,0.0,15,1,0,0,2,1,1981,0,0.0,109,1,1,0.1667,5,0,0,0.0,0,2.772588722239781,3.688879454113936,2.772588722239781,3.610917912644224,0.6931471805599453,1.3862943611198906,0.0,1.3862943611198906,1,1,1,1,1,1,0.7209,High,0.7712,1,0.746,PRIORITY
733234,MAVERICK AVIATION TL II (B) LIMITED,Normal ,LTD - Private Company Limited by Shares,2023-01-17,,2025-04-28,2024-12-31,7735.0,28/29 Sir John Rogerson's Quay,1 BURLINGTON ROAD,"Dublin 4,DUBLIN,Ireland","Dublin 2, DUBLIN, Ireland",D02 EY80,1.0,0.0,0.0,0.0,1.0,1.0,1.0,0.0,0.0,0.7071,1.0,1.0,0.0,239.5,316.0,1.0,0.0,0.0,0.0,0.874,0.0,0.0,0.0,1.0,0.0,0.0,0.0,0,2024-12-31,1.95,Dublin,6,-16.5,1.29,0.8619,0,0,LTD - PRIVATE COMPANY LIMITED BY SHARES,5,9,16,0,,Unknown,86,1.0,0,0.340864,0.0263,0.9737,0,0.4195,0.3838,0.52,0.2987,0.7013,-0.0493,-0.0904,0.9523,0.0,0.07,0.002683,0.0,0.0,0.0,1.0,0,11,191.4,177,100,1,1,0,0,0,527,0,1.273,1.163,55554.053,-1688.726,1,1,1,1,0,1,,-0.0303978901413367,-0.202,2.0,0,0,1,0,0,0,0,0,,0,0,0,0,0,0,0,6,0,4,2,8,2092,3.0,0,0,0,0,0,0,0,0,7,0,590,37,3.3,1,186,6,0,0,11.2121,0.0263,11,0,0,0,4,1,1980,0,0.0,0,0,15,0.2381,0,0,0,0.0,0,2.079441541679836,3.6375861597263857,2.4849066497880004,4.465908118654584,2.772588722239781,1.9459101490553128,0.6931471805599453,1.9459101490553128,1,1,1,1,0,0,0.5955,High,0.8946,1,0.745,PRIORITY
740454,ONATE FINANCE NO. 4 DESIGNATED ACTIVITY COMPANY,Normal ,DAC - Designated Activity Company (limited by shares),2023-05-05,,2025-07-25,2024-12-31,6630.0,26/27 Upper Pembroke Street,,,"Dublin, Dublin 2, Ireland",D02 X361,1.0,0.0,0.0,0.0,1.0,1.0,1.0,0.0,0.0,0.7071,1.0,1.0,0.0,212.5,222.0,0.0,0.0,0.0,0.0,0.776,0.0,0.0,0.0,1.0,0.0,0.0,0.0,0,2024-12-31,1.66,Dublin,6,-43.5,1.0,0.9411,0,1,DAC - DESIGNATED ACTIVITY COMPANY (LIMITED BY SHARES),5,9,4,0,,Unknown,171,1.0,0,0.340864,0.0263,0.9737,0,0.4195,0.3838,0.52,0.2987,0.7013,-0.0493,-0.0904,0.9523,0.0,0.07,0.002683,0.0,0.0,0.0,0.0,-1,0,0.0,0,0,0,0,1,0,0,4,0,0.256,2.422,27897.624,,0,1,0,0,0,0,,,,0.0,0,0,0,0,0,0,0,0,,0,0,0,0,0,0,0,2,0,1,1,3,2092,2.1,0,0,0,0,0,0,0,0,6,0,590,17,2.5,0,1409,4,0,0,6.8,0.0,2,0,0,0,2,1,434,0,0.0,1,0,0,0.0,0,0,0,0.0,0,1.9459101490553128,2.8903717578961645,1.0986122886681098,5.147494476813453,0.0,1.0986122886681098,0.0,1.6094379124341005,1,1,0,0,0,0,0.9674,High,0.5195,1,0.7435,PRIORITY
719645,BBAM EUROPEAN CLO V DESIGNATED ACTIVITY COMPANY,Normal ,DAC - Designated Activity Company (limited by shares),2022-05-23,,2025-07-02,2024-12-31,6492.0,32 Molesworth Street,,,"Dublin, Dublin 2, Ireland",,1.0,0.0,0.0,0.0,1.0,1.0,1.0,0.0,0.0,0.7071,1.0,1.0,0.0,227.5,271.0,1.0,0.0,0.0,0.0,0.83,0.0,0.0,0.0,1.0,0.0,0.0,0.0,0,2024-12-31,2.61,Dublin,6,-28.5,1.95,0.9389,0,0,DAC - DESIGNATED ACTIVITY COMPANY (LIMITED BY SHARES),5,9,4,0,,Unknown,198,1.0,0,0.340864,0.0263,0.9737,0,0.4195,0.3838,0.52,0.2987,0.7013,-0.0493,-0.0904,0.9523,0.0,0.07,0.002683,0.0,0.0,0.0,1.0,0,4,443.0,108,100,1,1,0,0,0,527,0,0.0,0.266,437597.135,1.0,0,1,0,1,1,0,-94.54364,2.285206917545289e-06,0.028,0.0,0,0,0,0,0,0,0,0,,0,0,0,0,0,0,0,6,0,4,2,8,13,0.7,0,0,0,0,0,0,0,0,9,0,590,22,3.1,0,1409,4,0,0,7.0968,0.0263,1,0,0,0,0,1,1980,0,0.0,14,1,1,0.0172,0,0,0,0.0,0,2.302585092994046,3.1354942159291497,0.6931471805599453,5.293304824724492,0.6931471805599453,1.9459101490553128,0.0,1.6094379124341005,1,1,1,1,0,1,0.5955,High,0.8836,1,0.7395,PRIORITY
711236,GOLDENTREE LOAN MANAGEMENT EUR CLO 7 DESIGNATED ACTIVITY COMPANY,Normal ,DAC - Designated Activity Company (limited by shares),2022-01-10,,2025-06-13,2024-12-31,6492.0,32 Molesworth Street,,,"DUBLIN, Dublin 2, Ireland",D02 Y512,1.0,0.0,0.0,1.0,1.0,1.0,1.0,0.0,0.0,0.0,0.0,1.0,0.0,187.7,202.0,0.0,0.0,0.0,0.0,0.685,0.0,0.0,0.0,1.0,0.0,0.0,0.0,0,2024-12-31,2.97,Dublin,6,-68.3,2.31,0.9317,1,1,DAC - DESIGNATED ACTIVITY COMPANY (LIMITED BY SHARES),5,9,4,0,,Unknown,91,1.0,0,0.340864,0.0263,0.9737,0,0.4195,0.3838,0.52,0.2987,0.7013,-0.0493,-0.0904,0.9523,0.0,0.07,0.002683,0.0,0.0,0.0,1.0,0,9,217.1,168,100,1,1,0,0,0,527,0,0.001,17.38,429504.407,1.0,0,1,0,1,0,0,-75.024,2.3282648180138463e-06,84.825,0.0,0,0,0,0,0,0,0,0,5.639825576618842,0,0,0,0,0,0,0,6,0,6,0,6,167,2.4,0,0,0,0,0,0,0,0,7,0,590,31,4.2,0,1409,8,0,0,7.381,0.0,10,0,0,0,0,1,1980,0,0.0,14,1,7,0.2692,0,0,0,0.0,0,2.079441541679836,3.4657359027997265,2.3978952727983707,4.5217885770490405,2.079441541679836,1.9459101490553128,0.0,2.19722457733622,1,1,1,1,1,1,0.5955,High,0.8836,1,0.7395,PRIORITY
716460,AXA LEVERAGED LOANS DESIGNATED ACTIVITY COMPANY,Liquidation,DAC - Designated Activity Company (limited by shares),2022-04-01,,2025-07-17,2024-12-31,6619.0,33 Sir John Rogerson's Quay,,,"Dublin, Dublin 2, Ireland",D02 XK09,1.0,0.0,0.0,1.0,1.0,1.0,1.0,0.0,0.0,0.0,0.0,1.0,0.0,232.0,264.0,0.0,0.0,0.0,0.0,0.847,0.0,0.0,0.0,1.0,0.0,0.0,0.0,0,2024-12-31,2.75,Dublin,6,-24.0,2.09,0.9365,0,0,DAC - DESIGNATED ACTIVITY COMPANY (LIMITED BY SHARES),5,9,4,0,,Unknown,59,1.0,0,0.340864,0.0263,0.9737,0,0.4195,0.3838,0.52,0.2987,0.7013,-0.0493,-0.0904,0.9523,0.0,0.07,0.002683,0.0,0.0,0.0,1.0,0,4,62.5,166,99,1,1,0,0,0,6,0,0.005,,36660.75,0.966,0,1,0,0,0,0,0.005,2.6349706429901187e-05,70.073,0.0,1,0,0,1,0,0,0,0,0.4880428382222304,0,0,0,0,0,0,0,0,0,0,0,0,2092,0.0,0,0,0,0,0,0,0,0,12,0,590,18,4.1,0,1409,3,0,0,4.3902,0.0,0,0,0,0,1,0,1980,0,1.0,1,0,13,0.2653,0,0,0,0.0,0,2.5649493574615367,2.9444389791664403,0.0,4.0943445622221,2.6390573296152584,0.0,0.0,1.3862943611198906,1,0,1,1,1,1,0.8788,High,0.5962,1,0.7375,PRIORITY
729497,NOARD INVESTMENTS UNLIMITED COMPANY,Strike Off Listed,ULC - Private Unlimited Company,2022-11-11,,2025-05-26,2024-12-31,6420.0,QUARRY,KNOCKDRIN,"MULLINGAR,WESTMEATH,Ireland","MULLINGAR, WESTMEATH, Ireland",N91 XH0C,1.0,0.0,0.0,0.0,0.0,1.0,1.0,1.0,0.0,1.4142,2.0,1.0,0.0,168.0,168.0,0.0,0.0,0.0,0.0,0.613,0.0,0.0,0.0,1.0,0.0,0.0,0.0,0,2024-12-31,2.14,Westmeath,6,-88.0,1.48,0.8963,0,0,ULC - PRIVATE UNLIMITED COMPANY,5,30,41,0,,Unknown,127,1.0,0,0.016915,0.0263,0.9737,0,0.4195,0.3838,0.52,0.2987,0.7013,-0.0307,-0.0904,0.9523,0.0,0.07,0.002683,0.0,0.0,0.0,0.0,-1,0,0.0,0,0,0,0,0,1,0,1,0,0.133,1.001,9358.606,,0,1,0,0,0,0,,,,0.0,0,0,0,0,0,0,0,0,,0,0,0,0,0,0,0,0,0,0,0,0,2092,0.0,0,0,0,0,0,0,0,0,5,0,590,10,3.3,0,1409,2,0,0,3.0303,0.0,0,0,0,0,0,0,1980,0,0.0,0,0,0,0.0,0,0,0,0.0,1,1.791759469228055,2.3978952727983707,0.0,4.852030263919617,0.0,0.0,0.0,1.0986122886681098,1,1,0,0,0,0,0.9747,High,0.467,1,0.7208,PRIORITY
627276,START IRELAND LEASING 1 LIMITED,Normal ,LTD - Private Company Limited by Shares,2018-05-24,,2025-06-30,2024-12-31,7735.0,UNIT J BLOCK 1,SHANNON BUSINESS PARK,SHANNON CO. CLARE,"SHANNON, CLARE, IRELAND",V14 EV57,1.0,1.0,0.0,1.0,1.0,1.0,1.0,0.0,0.0,0.0,0.0,1.0,0.0,203.7,235.0,0.0,0.0,0.0,0.0,0.743,0.0,0.0,0.0,1.0,0.0,0.0,0.0,0,2024-12-31,6.61,Clare,6,-52.3,5.95,0.8832,0,1,LTD - PRIVATE COMPANY LIMITED BY SHARES,5,4,16,0,,Unknown,102,1.0,0,0.024153,0.0263,0.9737,0,0.4195,0.3838,0.52,0.2987,0.7013,-0.0523,-0.0904,0.9523,0.0,0.07,0.002683,0.0,0.0,0.0,1.0,0,8,156.6,324,268,1,1,1,1,0,10,0,-29.481,0.008,15279.264,-330.693,1,1,0,1,1,1,-20.405,-0.0216432545441979,11.517,2.0,0,0,0,0,0,0,0,0,0.3717238461636443,0,0,0,0,0,0,0,1,0,0,1,2,1352,2.7,0,0,0,0,0,0,0,0,22,0,590,41,7.5,1,2330,5,0,0,5.4667,0.0,7,2,0,0,4,1,1985,0,0.0,7,1,23,0.3382,14,0,0,0.0,0,3.1354942159291497,3.737669618283368,2.079441541679836,4.634728988229636,3.1780538303479458,0.6931471805599453,0.6931471805599453,1.791759469228055,1,1,1,1,1,1,0.5955,High,0.8427,1,0.7191,PRIORITY
637646,GLADIUS FUNDING LIMITED,Normal ,LTD - Private Company Limited by Shares,2018-11-13,,2025-06-11,2024-12-31,7735.0,Aviation House,,,"Shannon, CLARE, Ireland",V14 AN29,1.0,0.0,0.0,1.0,1.0,1.0,1.0,0.0,0.0,0.0,0.0,1.0,0.0,218.7,290.0,1.0,0.0,0.0,0.0,0.798,0.0,0.0,0.0,1.0,0.0,0.0,0.0,0,2024-12-31,6.13,Clare,7,-23.3,5.2,0.8347,0,0,LTD - PRIVATE COMPANY LIMITED BY SHARES,6,4,16,0,,Unknown,83,1.0,0,0.024153,0.0186,0.9814,0,0.4195,0.3838,0.52,0.2987,0.7013,-0.0523,-0.0904,0.9523,0.0,0.07,0.002683,0.0,0.0,0.0,0.0,-1,0,0.0,0,0,0,0,0,1,0,284,0,0.011,,512334.073,9.661,0,1,0,0,0,0,-0.012,1.8856836796798405e-05,,0.0,0,0,0,0,0,0,0,0,,0,0,0,0,0,0,0,0,0,0,0,0,2092,0.0,0,0,0,0,0,0,0,0,15,0,590,26,6.6,1,965,3,0,0,3.9394,0.0186,5,1,0,0,2,1,2239,0,0.0,10,1,1,0.2,9,0,0,0.0,0,2.772588722239781,3.295836866004329,1.791759469228055,4.430816798843313,0.6931471805599453,0.0,0.6931471805599453,1.3862943611198906,1,0,1,0,0,1,0.8566,High,0.5713,1,0.7139,PRIORITY
723804,TAI (I) - AERO EIGHT LIMITED,Normal ,LTD - Private Company Limited by Shares,2022-08-05,,2025-06-23,2024-12-31,7735.0,32 Molesworth Street,,,"Dublin, Ireland",,1.0,0.0,0.0,1.0,1.0,1.0,1.0,0.0,0.0,0.0,0.0,1.0,0.0,215.7,296.0,1.0,0.0,0.0,0.0,0.787,0.0,0.0,0.0,1.0,0.0,0.0,0.0,0,2024-12-31,2.41,Dublin,6,-40.3,1.75,0.7635,0,0,LTD - PRIVATE COMPANY LIMITED BY SHARES,5,9,16,0,,Unknown,65,1.0,0,0.340864,0.0263,0.9737,0,0.4195,0.3838,0.52,0.2987,0.7013,-0.0493,-0.0904,0.9523,0.0,0.07,0.002683,0.0,0.0,0.0,1.0,0,2,758.0,100,100,0,1,0,0,0,12,0,-6.021,1.017,23289.478,-564.718,1,1,0,1,0,1,-5.941,-0.0242477740377006,27.765,3.0,0,0,0,0,0,0,0,0,2.521032378737789,0,0,0,0,0,0,0,2,0,1,1,3,2092,2.4,0,0,0,0,0,0,0,0,7,0,590,14,2.9,0,1409,4,0,0,4.8276,0.0263,0,0,0,0,0,0,1980,0,0.0,14,1,4,0.125,0,0,0,0.0,0,2.079441541679836,2.70805020110221,0.0,4.189654742026425,1.6094379124341005,1.0986122886681098,0.0,1.6094379124341005,1,1,1,1,1,1,0.7209,High,0.6992,1,0.71,PRIORITY
660455,SOUND POINT STRATEGIC CAPITAL MASTER FUND DESIGNATED ACTIVITY COMPANY,Liquidation,DAC - Designated Activity Company (limited by shares),2019-11-11,,2025-04-15,2024-12-31,6499.0,Solution Kit Limited,"Gallach, Pollnarooma",Salthill,"Galway, Ireland",D01 K2C5,1.0,0.0,0.0,1.0,1.0,1.0,1.0,0.0,0.0,0.0,0.0,1.0,0.0,197.7,285.0,1.0,0.0,0.0,0.0,0.722,0.0,0.0,0.0,1.0,0.0,0.0,0.0,0,2024-12-31,5.14,Galway,6,-58.3,4.48,0.9289,0,0,DAC - DESIGNATED ACTIVITY COMPANY (LIMITED BY SHARES),5,11,4,0,,Unknown,101,1.0,0,0.052821,0.0263,0.9737,0,0.4195,0.3838,0.52,0.2987,0.7013,-0.0264,-0.0904,0.9523,0.0,0.07,0.002683,0.0,0.0,0.0,0.0,-1,0,0.0,0,0,0,0,1,1,0,429,0,0.02,1.0,51947.349,1.932,0,1,0,0,0,0,0.013,3.719150326612432e-05,,0.0,0,0,0,0,0,0,0,0,,0,0,0,0,0,0,0,0,0,0,0,0,2092,0.0,0,0,0,0,0,0,0,0,19,0,590,30,6.0,2,1409,3,0,0,5.0,0.0263,2,2,0,0,2,0,1980,0,1.0,0,0,60,0.5357,5,0,0,0.0,0,2.995732273553991,3.4339872044851463,1.0986122886681098,4.624972813284271,4.110873864173311,0.0,1.0986122886681098,1.3862943611198906,1,1,1,0,0,1,0.7209,High,0.686,1,0.7034,PRIORITY
765448,TAAM GELATI AVIATION ONE DESIGNATED ACTIVITY COMPANY,Normal ,DAC - Designated Activity Company (limited by shares),2024-06-06,,2025-06-17,2024-12-31,6499.0,"3rd Floor, Waterloo Exchange",Denzille Lane,"3 DUBLIN LANDINGS,  NORTH WALL QUAY","Waterloo Road, Dublin 4, Ireland",D04 E5W7,1.0,0.0,0.0,0.0,0.0,1.0,1.0,1.0,0.0,1.4142,2.0,1.0,0.0,168.0,168.0,0.0,0.0,0.0,0.0,0.613,0.0,0.0,0.0,1.0,0.0,0.0,0.0,0,2024-12-31,0.57,Dublin,6,-88.0,-0.09,0.9297,0,0,DAC - DESIGNATED ACTIVITY COMPANY (LIMITED BY SHARES),5,9,4,0,,Unknown,105,1.0,0,0.340864,0.0263,0.9737,0,0.4195,0.3838,0.52,0.2987,0.7013,-0.0493,-0.0904,0.9523,0.0,0.07,0.002683,0.0,0.0,0.0,0.0,-1,0,0.0,0,0,0,0,0,0,0,64,0,0.015,10.472,12040.86,2.415,0,1,0,0,0,0,,0.0002005670691296,,0.0,0,0,0,0,0,0,0,0,,0,0,0,0,0,0,0,0,0,0,0,0,2092,0.0,0,0,0,0,0,0,0,0,5,0,590,15,1.9,2,1409,7,0,0,7.8947,0.0,1,0,0,0,0,1,1980,0,0.0,0,0,0,0.0,0,0,0,0.0,0,1.791759469228055,2.772588722239781,0.6931471805599453,4.663439094112067,0.0,0.0,1.0986122886681098,2.079441541679836,1,1,1,0,0,0,0.8566,High,0.5468,1,0.7017,PRIORITY
638771,PAYONEER EUROPE LIMITED,Normal ,LTD - Private Company Limited by Shares,2018-12-03,,2025-06-03,2024-12-31,6619.0,6TH FLOOR,2 GRAND CANAL SQUARE  DUBLIN 2,"DUBLIN 2,DUBLIN","DUBLIN 2, DUBLIN, IRELAND",,1.0,1.0,0.0,1.0,1.0,1.0,1.0,0.0,0.0,0.0,0.0,1.0,0.0,197.0,206.0,0.0,0.0,0.0,0.0,0.719,0.0,0.0,0.0,1.0,0.0,0.0,0.0,0,2024-12-31,6.08,Dublin,6,-59.0,5.42,0.8795,0,0,LTD - PRIVATE COMPANY LIMITED BY SHARES,5,9,16,0,,Unknown,84,1.0,0,0.340864,0.0263,0.9737,0,0.4195,0.3838,0.52,0.2987,0.7013,-0.0493,-0.0904,0.9523,0.0,0.07,0.002683,0.0,0.0,1.0,1.0,0,10,43.8,53,53,1,1,1,1,0,2,0,2.103,1.021,1079069.274,7418.513,0,1,0,0,0,0,1.0820000000000003,0.0068749182084485,3.709,0.0,0,0,0,0,1,0,0,0,0.2689521524112914,0,0,0,0,0,0,0,0,0,0,0,0,2092,0.0,0,0,0,0,0,0,0,0,14,0,590,31,7.2,0,1409,4,0,0,4.3056,0.0,13,1,0,0,0,1,1980,0,0.0,20,1,0,0.0,9,0,0,0.0,0,2.70805020110221,3.4657359027997265,2.6390573296152584,4.442651256490317,0.0,0.0,0.0,1.6094379124341005,1,1,1,1,1,1,0.7231,High,0.6791,1,0.7011,PRIORITY
627707,FREEZE ISSUER DESIGNATED ACTIVITY COMPANY,Normal ,DAC - Designated Activity Company (limited by shares),2018-05-30,,2025-04-02,2024-12-31,3030.0,32 MOLESWORTH STREET,DUBLIN 2,,"DUBLIN 2, DUBLIN, IRELAND",D02Y512,1.0,1.0,0.0,1.0,1.0,1.0,1.0,0.0,0.0,0.0,0.0,1.0,0.0,106.3,130.0,0.0,0.0,0.0,0.0,0.388,0.0,0.0,0.0,1.0,0.0,0.0,0.0,0,2024-12-31,6.59,Dublin,6,-149.7,5.93,0.9401,0,0,DAC - DESIGNATED ACTIVITY COMPANY (LIMITED BY SHARES),5,9,4,0,,Unknown,100,1.0,0,0.340864,0.0263,0.9737,0,0.4195,0.3838,0.52,0.2987,0.7013,-0.0493,-0.0904,0.9523,0.0,0.07,0.002683,0.0,0.0,0.0,1.0,0,11,173.5,139,100,1,1,0,1,0,2,1,0.23,0.7,34691.284,19.322,0,1,0,0,1,0,0.128,0.0005569698717406,34.754,0.0,1,0,0,1,0,0,0,0,0.0171338473581197,0,0,0,0,0,0,0,0,0,0,0,0,2092,0.0,0,0,0,0,0,0,0,0,18,0,590,34,6.8,0,1409,4,0,0,5.0,0.0,10,1,0,0,2,1,1964,0,0.0,109,1,3,0.5,16,0,0,0.0,0,2.9444389791664403,3.555348061489413,2.3978952727983707,4.61512051684126,1.3862943611198906,0.0,0.0,1.6094379124341005,1,1,1,1,1,1,0.5955,High,0.7992,1,0.6973,PRIORITY
693187,FAIRFIELD REF ECS II GEN INI DESIGNATED ACTIVITY COMPANY,Normal ,DAC - Designated Activity Company (limited by shares),2021-04-20,,2025-05-28,2024-12-31,6499.0,27 MERRION SQUARE,,,"DUBLIN 2, DUBLIN, Ireland",D02 W960,1.0,0.0,0.0,1.0,1.0,1.0,1.0,0.0,0.0,0.0,0.0,1.0,0.0,183.7,271.0,1.0,0.0,0.0,0.0,0.67,0.0,0.0,0.0,1.0,0.0,0.0,0.0,0,2024-12-31,3.7,Dublin,6,-72.3,3.04,0.938,0,0,DAC - DESIGNATED ACTIVITY COMPANY (LIMITED BY SHARES),5,9,4,0,,Unknown,154,1.0,0,0.340864,0.0263,0.9737,0,0.4195,0.3838,0.52,0.2987,0.7013,-0.0493,-0.0904,0.9523,0.0,0.07,0.002683,0.0,0.0,0.0,0.0,-1,0,0.0,0,0,0,0,0,1,0,3,1,0.037,1.0,23679.212,,0,1,0,1,0,0,-0.015,,2.862,0.0,1,0,0,0,0,0,0,0,0.6200779724923495,0,0,0,0,0,0,0,2,0,1,1,3,272,2.6,0,0,0,0,0,0,0,0,12,0,590,33,5.1,0,1409,3,0,0,6.4706,0.0263,12,0,0,0,1,1,1980,0,0.0,1,0,26,0.4727,1,0,0,0.0,0,2.5649493574615367,3.5263605246161616,2.5649493574615367,5.043425116919247,3.295836866004329,1.0986122886681098,0.0,1.3862943611198906,1,1,0,1,1,1,0.8566,High,0.5125,1,0.6845,PRIORITY
639889,WHAM ISSUER DESIGNATED ACTIVITY COMPANY,Normal ,DAC - Designated Activity Company (limited by shares),2018-12-14,,2025-04-02,2024-12-31,7735.0,32 MOLESWORTH STREET,DUBLIN 2,,"DUBLIN 2, DUBLIN, IRELAND",D02Y512,1.0,1.0,0.0,1.0,1.0,1.0,1.0,0.0,0.0,0.0,0.0,1.0,0.0,106.7,131.0,0.0,0.0,0.0,0.0,0.389,0.0,0.0,0.0,1.0,0.0,0.0,0.0,0,2024-12-31,6.05,Dublin,6,-149.3,5.39,0.9401,0,0,DAC - DESIGNATED ACTIVITY COMPANY (LIMITED BY SHARES),5,9,4,0,,Unknown,164,1.0,0,0.340864,0.0263,0.9737,0,0.4195,0.3838,0.52,0.2987,0.7013,-0.0493,-0.0904,0.9523,0.0,0.07,0.002683,0.0,0.0,0.0,1.0,0,9,196.9,110,100,1,1,0,0,0,9,0,0.096,2.731,40233.761,9.661,0,1,0,0,0,0,0.078,0.0002401217226497,82.609,0.0,0,0,0,0,0,0,0,0,0.4029856252854258,0,0,0,0,0,0,0,3,0,2,1,4,2092,6.4,0,0,0,0,0,0,0,0,17,0,590,35,7.4,0,1409,4,0,0,4.7297,0.0,8,1,0,0,2,1,1874,0,0.0,109,1,1,0.0,25,0,0,0.0,0,2.8903717578961645,3.58351893845611,2.19722457733622,5.10594547390058,0.6931471805599453,1.3862943611198906,0.0,1.6094379124341005,1,1,1,1,1,1,0.5955,High,0.7657,1,0.6806,PRIORITY
628907,ZEPHYRUS CAPITAL AVIATION PARTNERS 1C LIMITED,Liquidation,LTD - Private Company Limited by Shares,2018-06-20,,2025-05-05,2024-12-31,7735.0,KPMG,"1 Stokes Place, Saint Stephen's Green",Dublin 2,", Ireland",D02 DE03,1.0,0.0,0.0,1.0,1.0,1.0,1.0,0.0,0.0,0.0,0.0,1.0,0.0,240.7,316.0,1.0,0.0,0.0,0.0,0.878,0.0,0.0,0.0,1.0,0.0,0.0,0.0,0,2024-12-31,6.53,Dublin,7,-1.3,5.6,0.8675,0,1,LTD - PRIVATE COMPANY LIMITED BY SHARES,6,9,16,0,,Unknown,79,1.0,0,0.340864,0.0186,0.9814,0,0.4195,0.3838,0.52,0.2987,0.7013,-0.0493,-0.0904,0.9523,0.0,0.07,0.002683,0.0,0.0,0.0,0.0,-1,0,0.0,0,0,0,0,1,1,0,6,0,,0.492,11760.765,-1241.745,1,0,1,0,1,1,,-0.1055836928975283,11.547,2.0,0,0,0,1,0,0,0,0,-0.4145659104513434,0,0,0,0,0,0,0,1,0,0,6,7,2092,7.2,0,0,0,0,0,0,0,0,23,0,590,68,7.9,2,1409,6,0,0,8.6076,0.0186,24,2,0,0,4,1,1980,0,1.0,0,0,5,0.1724,17,0,0,0.0,0,3.1780538303479458,4.23410650459726,3.218875824868201,4.382026634673881,1.791759469228055,0.6931471805599453,1.0986122886681098,1.9459101490553128,0,1,1,1,1,0,0.8788,High,0.4791,1,0.6789,PRIORITY
680055,WALDEN DIGITAL IRELAND LIMITED,Normal ,LTD - Private Company Limited by Shares,2020-10-21,,2025-05-26,2024-12-31,6209.0,88 Harcourt Street,,,"Dublin 2, DUBLIN, Ireland",D02 DK18,1.0,0.0,0.0,1.0,1.0,1.0,1.0,0.0,0.0,0.0,0.0,1.0,0.0,177.7,255.0,0.0,0.0,0.0,0.0,0.649,0.0,0.0,0.0,1.0,0.0,0.0,0.0,0,2024-12-31,4.19,Dublin,6,-78.3,3.53,0.8852,0,0,LTD - PRIVATE COMPANY LIMITED BY SHARES,5,9,16,0,,Unknown,169,1.0,0,0.340864,0.0239,0.9761,0,0.4195,0.3838,0.52,0.2987,0.7013,-0.0493,-0.0904,0.9523,0.0,0.07,0.002683,0.0,0.0,0.0,0.0,-1,0,0.0,0,0,0,0,0,1,1,1,1,-5.467,1.231,8930.769,-343.321,1,1,0,1,0,1,-9.514,-0.0384424902267654,,2.0,0,0,1,1,0,0,0,0,,0,0,0,0,0,0,0,0,0,0,0,0,2092,0.0,0,0,0,0,0,0,0,0,10,0,590,24,5.2,2,1409,3,0,0,4.6154,0.0,3,0,0,0,6,1,1980,0,0.0,7,1,9,0.75,11,0,0,0.0,0,2.3978952727983707,3.218875824868201,1.3862943611198906,5.135798437050262,2.302585092994046,0.0,1.0986122886681098,1.3862943611198906,1,1,1,0,0,1,0.8566,High,0.4834,1,0.67,PRIORITY
662851,ION PLATFORM FINANCE HOLDINGS LIMITED,Normal ,LTD - Private Company Limited by Shares,2019-12-16,,2025-03-03,2024-12-31,6499.0,2nd Floor,"Styne House, Hatch Street Upper",BALLSBRIDGE DUBLIN 4,"Dublin 2, DUBLIN, Ireland",D02 DY27,1.0,1.0,0.0,1.0,1.0,1.0,1.0,0.0,0.0,0.0,0.0,1.0,0.0,189.3,286.0,1.0,0.0,0.0,0.0,0.691,0.0,0.0,0.0,1.0,0.0,0.0,0.0,0,2024-12-31,5.04,Dublin,6,-66.7,4.38,0.9016,1,0,LTD - PRIVATE COMPANY LIMITED BY SHARES,5,9,16,0,,Unknown,193,1.0,0,0.340864,0.0263,0.9737,0,0.4195,0.3838,0.52,0.2987,0.7013,-0.0493,-0.0904,0.9523,0.0,0.07,0.002683,0.0,0.0,0.0,1.0,0,7,22.0,4,2,0,1,0,1,0,48,1,97.869,4.519,1781555.751,32369.747,0,0,0,1,0,0,-1.7560000000000002,0.0181693707771034,,0.0,0,0,0,0,0,0,0,0,,0,0,0,0,0,0,0,0,0,0,0,0,2092,0.0,0,0,0,0,0,0,0,0,19,0,590,36,6.4,1,1409,4,0,0,5.625,0.0263,7,1,0,0,5,1,1980,0,0.0,0,0,15,0.2459,11,0,0,0.0,0,2.995732273553991,3.610917912644224,2.079441541679836,5.267858159063328,2.772588722239781,0.0,0.6931471805599453,1.6094379124341005,1,1,1,0,0,1,0.7231,High,0.6161,1,0.6696,PRIORITY
430477,APPLIED CONCEPTS LIMITED,Normal ,LTD - Private Company Limited by Shares,2006-11-28,,2025-06-26,2024-12-31,UNKNOWN,MAIN STREET,KINNITTY,BIRR CO. OFFALY,"BIRR, OFFALY, IRELAND",,1.0,0.0,0.0,1.0,1.0,1.0,1.0,0.0,0.0,0.0,0.0,1.0,0.0,215.0,283.0,1.0,0.0,0.0,0.0,0.785,0.0,0.0,0.0,1.0,0.0,0.0,0.0,0,2024-12-31,18.09,Offaly,IMP_J,-53.0,11.72,0.8045,0,0,LTD - PRIVATE COMPANY LIMITED BY SHARES,18,23,16,1,U,Extraterritorial Organisations,165,1.0,0,0.012156,0.0263,0.9737,0,0.4195,0.3838,0.52,0.2987,0.7013,-0.036,-0.0904,0.9523,0.0,0.07,0.002683,0.0,0.0,0.0,0.0,-1,0,0.0,0,0,0,0,0,1,0,82,0,11.415,2.139,1947.126,,0,0,0,0,0,0,19.107,,,0.0,0,0,0,0,1,0,0,1,,0,0,0,0,0,0,0,0,0,0,0,0,2092,0.0,0,0,0,0,0,0,0,0,40,0,590,64,18.6,0,1409,11,0,0,3.4409,0.0263,8,2,0,0,5,1,1980,0,0.0,0,0,72,0.6729,101,0,0,0.0,0,3.713572066704308,4.174387269895637,2.19722457733622,5.111987788356544,4.290459441148391,0.0,0.0,2.4849066497880004,1,1,0,0,0,1,0.8566,High,0.4696,1,0.6631,PRIORITY
627147,MIRELF VI EASTPOINT LIMITED,Normal ,LTD - Private Company Limited by Shares,2018-05-22,,2025-06-30,2024-12-31,8299.0,33 SIR JOHN ROGERSON'S QUAY,DUBLIN 2,,"DUBLIN 2, DUBLIN, IRELAND",D02XK09,1.0,0.0,0.0,1.0,1.0,1.0,1.0,0.0,0.0,0.0,0.0,1.0,0.0,228.3,261.0,0.0,0.0,0.0,0.0,0.833,0.0,0.0,0.0,1.0,0.0,0.0,0.0,0,2024-12-31,6.61,Dublin,8,-11.7,6.46,0.8431,0,0,LTD - PRIVATE COMPANY LIMITED BY SHARES,7,9,16,0,,Unknown,78,1.0,0,0.340864,0.0186,0.9814,0,0.4195,0.3838,0.52,0.2987,0.7013,-0.0493,-0.0904,0.9523,0.0,0.07,0.002683,0.0,0.0,0.0,0.0,-1,0,0.0,0,0,0,0,0,0,0,0,0,-72.25,16.196,15713.52,-8936.443,1,1,1,1,0,1,-82.495,-0.5687104480727424,,3.0,0,0,1,1,0,0,0,0,,0,0,0,0,0,0,0,2,0,2,0,2,2274,0.1,0,0,0,0,0,0,0,0,22,0,590,40,7.1,0,1409,4,0,0,5.6338,0.0,10,2,0,0,2,1,2374,0,0.0,78,1,0,0.0,18,0,0,0.0,0,3.1354942159291497,3.713572066704308,2.3978952727983707,4.3694478524670215,0.0,1.0986122886681098,0.0,1.6094379124341005,1,1,1,0,0,1,0.8566,High,0.4681,1,0.6623,PRIORITY
508995,PIZZA DOG LIMITED,Normal ,LTD - Private Company Limited by Shares,2012-01-30,,2025-04-24,2024-12-31,UNKNOWN,LAKESHORE DRIVE,AIRSIDE RETAIL PARK,SWORDS CO. DUBLIN,"SWORDS, DUBLIN, IRELAND",K67X0K8,1.0,0.0,0.0,1.0,1.0,1.0,1.0,0.0,0.0,0.0,0.0,1.0,0.0,141.3,205.0,0.0,0.0,0.0,0.0,0.516,0.0,0.0,0.0,1.0,0.0,0.0,0.0,0,2024-12-31,12.92,Dublin,UNKNOWN,-140.7,5.14,0.6496,0,0,LTD - PRIVATE COMPANY LIMITED BY SHARES,28,9,16,0,U,Extraterritorial Organisations,57,1.0,0,0.340864,0.0263,0.9737,0,0.4195,0.3838,0.52,0.2987,0.7013,-0.0493,-0.0904,0.9523,0.0,0.07,0.002683,0.0,0.0,0.0,0.0,-1,0,0.0,0,0,0,0,0,1,1,1,0,-50.397,0.598,394.485,,0,1,0,1,1,0,-42.373,,,0.0,0,0,0,0,0,0,0,1,,0,0,0,0,0,0,0,0,0,0,0,0,2092,0.0,0,0,0,0,0,0,0,0,26,0,590,36,13.2,1,1785,4,0,0,2.7273,0.0,5,2,0,0,0,1,1980,0,0.0,0,0,47,0.4845,23,0,0,0.0,0,3.295836866004329,3.610917912644224,1.791759469228055,4.060443010546419,3.871201010907891,0.0,0.6931471805599453,1.6094379124341005,1,1,0,0,0,1,0.8566,High,0.4654,1,0.661,PRIORITY
656383,BARRE IP INVESTMENTS LIMITED,Liquidation,LTD - Private Company Limited by Shares,2019-09-03,,2025-06-03,2024-12-31,6619.0,Grant Thornton,13-18 City Quay,,"Dublin, Dublin 2, Ireland",D02 ED70,1.0,1.0,0.0,1.0,1.0,1.0,1.0,0.0,0.0,0.0,0.0,1.0,0.0,153.0,155.0,0.0,0.0,0.0,0.0,0.558,0.0,0.0,0.0,1.0,0.0,0.0,0.0,0,2024-12-31,5.33,Dublin,6,-103.0,4.67,0.8994,0,0,LTD - PRIVATE COMPANY LIMITED BY SHARES,5,9,16,0,,Unknown,90,1.0,0,0.340864,0.0263,0.9737,0,0.4195,0.3838,0.52,0.2987,0.7013,-0.0493,-0.0904,0.9523,0.0,0.07,0.002683,0.0,0.0,0.0,1.0,0,7,242.3,120,100,0,1,0,0,0,0,0,,,,,0,0,0,0,0,0,,,,0.0,0,0,0,0,0,0,0,0,,0,0,0,0,0,0,0,0,0,0,0,0,2092,0.0,0,0,0,0,0,0,0,0,15,0,590,29,6.5,4,1409,2,0,0,4.4615,0.0,5,1,0,0,1,1,1980,0,1.0,0,0,3,0.5,6,0,0,0.0,0,2.772588722239781,3.4011973816621555,1.791759469228055,4.51085950651685,1.3862943611198906,0.0,1.6094379124341005,1.0986122886681098,0,0,0,0,0,0,0.8566,High,0.4632,1,0.6599,PRIORITY
725261,WNG II AIRCRAFT LEASING 16 LIMITED,Normal ,LTD - Private Company Limited by Shares,2022-09-02,,2025-06-25,2024-12-31,7735.0,70 Sir John Rogerson's Quay,,,"Dublin, Dublin 2, Ireland",D02R296,1.0,0.0,0.0,0.0,0.0,1.0,1.0,1.0,0.0,1.4142,2.0,1.0,0.0,184.0,184.0,0.0,0.0,0.0,0.0,0.672,0.0,0.0,0.0,1.0,0.0,0.0,0.0,0,2024-12-31,2.33,Dublin,7,-58.0,1.4,0.8184,0,1,LTD - PRIVATE COMPANY LIMITED BY SHARES,6,9,16,0,,Unknown,55,1.0,0,0.340864,0.0186,0.9814,0,0.4195,0.3838,0.52,0.2987,0.7013,-0.0493,-0.0904,0.9523,0.0,0.07,0.002683,0.0,0.0,0.0,0.0,-1,0,0.0,0,0,0,0,1,1,0,19,0,0.734,11.39,44174.908,-3042.604,1,1,1,1,0,1,,-0.0688762951130537,-32.915,2.0,0,0,1,1,0,0,0,0,,0,0,0,0,0,0,0,0,0,0,0,0,2092,0.0,0,0,0,0,0,0,0,0,6,0,590,21,2.9,0,1409,1,0,0,7.2414,0.0,12,0,0,0,2,1,837,0,0.0,61,1,0,0.0,0,0,0,0.0,0,1.9459101490553128,3.091042453358316,2.5649493574615367,4.02535169073515,0.0,0.0,0.0,0.6931471805599453,1,1,1,1,0,0,0.5955,High,0.7043,1,0.6499,PRIORITY
630468,AXA GLOBAL HEALTHCARE (EU) LIMITED,Normal ,LTD - Private Company Limited by Shares,2018-07-18,,2025-07-17,2024-12-31,9609.0,WOLFE TONE HOUSE,WOLFE TONE STREET,DUBLIN 1 IRELAND,"DUBLIN 1, DUBLIN, IRELAND",,1.0,1.0,0.0,1.0,1.0,1.0,1.0,0.0,0.0,0.0,0.0,1.0,0.0,233.7,255.0,0.0,0.0,0.0,0.0,0.853,0.0,0.0,0.0,1.0,0.0,0.0,0.0,0,2024-12-31,6.46,Dublin,8,-6.3,6.31,0.8397,1,0,LTD - PRIVATE COMPANY LIMITED BY SHARES,7,9,16,0,,Unknown,109,1.0,0,0.340864,0.0175,0.9825,0,0.4195,0.3838,0.52,0.2987,0.7013,-0.0493,-0.0904,0.9523,0.0,0.07,0.002683,0.0,0.0,0.0,1.0,0,12,36.2,55,53,1,1,1,1,0,1,0,42.197,1.73,2012.0,349.0,0,0,0,0,0,0,26.585,0.1734592445328031,5.96,1.0,0,0,0,0,0,0,0,0,0.3729080607272566,0,0,0,0,0,0,0,0,0,0,0,0,2092,0.0,0,0,0,0,0,0,0,0,15,0,590,33,7.0,0,1409,4,0,0,4.7143,0.0,14,2,0,0,0,1,1980,0,0.0,57,1,13,0.2653,17,2,0,0.0,0,2.772588722239781,3.5263605246161616,2.70805020110221,4.700480365792417,2.6390573296152584,0.0,0.0,1.6094379124341005,1,1,1,1,1,1,0.7231,High,0.5676,1,0.6454,PRIORITY
474066,HOMETHERM INSULATION LIMITED,Normal ,LTD - Private Company Limited by Shares,2009-08-12,,2025-02-14,2024-12-31,4329.0,CORTOWN,"KELLS,MEATH",,"KELLS, MEATH, IRELAND",,1.0,1.0,0.0,1.0,1.0,1.0,1.0,0.0,0.0,0.0,0.0,1.0,0.0,70.7,89.0,0.0,0.0,0.0,0.0,0.258,0.0,0.0,0.0,1.0,0.0,0.0,0.0,0,2024-12-31,15.39,Meath,UNKNOWN,-211.3,7.61,0.8656,0,0,LTD - PRIVATE COMPANY LIMITED BY SHARES,28,21,16,0,U,Extraterritorial Organisations,51,1.0,0,0.038352,0.0263,0.9737,0,0.4195,0.3838,0.52,0.2987,0.7013,-0.0386,-0.0904,0.9523,0.0,0.07,0.002683,0.0,0.0,0.0,1.0,0,9,32.7,2,2,1,1,1,0,0,3,0,90.274,8.909,1846.197,,0,0,0,0,0,0,61.434,,,0.0,0,0,0,0,0,0,0,0,,0,0,0,0,0,0,0,4,0,1,3,7,2092,8.9,0,0,0,0,0,0,0,0,32,0,590,50,15.7,0,1409,5,0,0,3.1847,0.0,3,2,0,0,3,1,1980,0,0.0,0,0,0,0.0,34,0,0,0.0,0,3.49650756146648,3.9318256327243257,1.3862943611198906,3.951243718581428,0.0,1.6094379124341005,0.0,1.791759469228055,1,1,0,0,0,1,0.7231,High,0.5534,1,0.6383,PRIORITY
667579,CHURCHILL MMSL III DESIGNATED ACTIVITY COMPANY,Liquidation,DAC - Designated Activity Company (limited by shares),2020-03-02,,2025-07-19,2024-12-31,6420.0,3 Priory Office Park,Stillorgan Road,Blackrock,"Co. Dublin, DUBLIN, Ireland",A94 PC60,1.0,1.0,0.0,1.0,1.0,1.0,1.0,0.0,0.0,0.0,0.0,1.0,0.0,247.7,327.0,1.0,0.0,0.0,0.0,0.904,0.0,0.0,0.0,1.0,0.0,0.0,0.0,0,2024-12-31,4.83,Dublin,6,-8.3,4.17,0.9403,0,0,DAC - DESIGNATED ACTIVITY COMPANY (LIMITED BY SHARES),5,9,4,0,,Unknown,222,1.0,0,0.340864,0.0263,0.9737,0,0.4195,0.3838,0.52,0.2987,0.7013,-0.0493,-0.0904,0.9523,0.0,0.07,0.002683,0.0,0.0,0.0,1.0,0,4,30.2,9,6,1,1,0,0,0,15,0,0.038,1.0,8890.527,0.75,0,1,0,0,0,0,0.037,8.435945360719336e-05,1.162,0.0,1,0,0,0,0,0,0,0,0.6605027687898108,0,0,0,0,0,0,0,0,0,0,0,0,2092,0.0,0,0,0,0,0,0,0,0,17,0,590,25,5.6,2,1409,2,0,0,4.4643,0.0263,1,2,0,0,1,0,1980,0,1.0,0,0,13,0.4483,17,0,0,0.0,0,2.8903717578961645,3.258096538021482,0.6931471805599453,5.407171771460119,2.6390573296152584,0.0,1.0986122886681098,1.0986122886681098,1,1,1,1,1,1,0.7209,High,0.5425,1,0.6317,PRIORITY
707723,TOBERNALT HOLDINGS  LIMITED,Normal ,LTD - Private Company Limited by Shares,2021-11-11,,2025-04-25,2024-12-31,6499.0,Pavilion House,31 Fitzwilliam Square,,"Dublin 2, DUBLIN, Ireland",D02 F403,1.0,0.0,0.0,1.0,1.0,1.0,1.0,0.0,0.0,0.0,0.0,1.0,0.0,162.0,186.0,0.0,0.0,0.0,0.0,0.591,0.0,0.0,0.0,1.0,0.0,0.0,0.0,0,2024-12-31,3.14,Dublin,6,-94.0,2.48,0.9017,1,0,LTD - PRIVATE COMPANY LIMITED BY SHARES,5,9,16,0,,Unknown,195,1.0,0,0.340864,0.0263,0.9737,0,0.4195,0.3838,0.52,0.2987,0.7013,-0.0493,-0.0904,0.9523,0.0,0.07,0.002683,0.0,0.0,0.0,0.0,-1,0,0.0,0,0,0,0,0,0,0,0,0,3.189,0.15,7266.89,,0,1,0,1,1,0,,,,0.0,0,0,0,0,0,0,0,0,,0,0,0,0,0,0,0,5,0,5,0,5,2092,2.7,0,0,0,0,0,0,0,0,7,0,590,25,4.1,2,1409,4,0,0,6.0976,0.0,5,0,0,0,2,1,1047,0,0.0,6,1,0,0.0,0,0,0,0.0,0,2.079441541679836,3.258096538021482,1.791759469228055,5.278114659230517,0.0,1.791759469228055,1.0986122886681098,1.6094379124341005,1,1,0,0,0,0,0.7231,High,0.4662,1,0.5947,PRIORITY
459439,MULLALLY'S BAR LIMITED,Liquidation,LTD - Private Company Limited by Shares,2008-07-01,,2025-01-01,2024-12-31,UNKNOWN,"OUTLOOK ACCOUNTANTS LIMITED, Unit 4A","Broomhill Business Complex, Broomhill Road",MITCHELSTOWN CO. CORK,"Tallaght, DUBLIN, Ireland",D24 PP52,1.0,0.0,0.0,1.0,1.0,1.0,1.0,0.0,0.0,0.0,0.0,1.0,0.0,48.0,55.0,0.0,0.0,0.0,0.0,0.175,0.0,0.0,0.0,1.0,0.0,0.0,0.0,0,2024-12-31,16.5,Dublin,IMP_I,-238.0,8.86,0.8245,0,0,LTD - PRIVATE COMPANY LIMITED BY SHARES,17,9,16,1,U,Extraterritorial Organisations,146,1.0,0,0.340864,0.0263,0.9737,0,0.4195,0.3838,0.52,0.2987,0.7013,-0.0493,-0.0904,0.9523,0.0,0.07,0.002683,0.0,0.0,0.0,0.0,-1,0,0.0,0,0,0,0,0,1,0,1,0,83.668,5.508,1475.264,,0,0,0,1,0,0,3.087000000000004,,,0.0,0,0,0,0,0,0,0,0,,0,0,0,0,0,0,0,0,0,0,0,0,2092,0.0,0,0,0,0,0,0,0,0,33,0,590,50,17.8,1,1409,5,0,0,2.809,0.0,2,1,0,0,5,0,1980,0,1.0,0,0,1,0.3333,99,0,0,0.0,0,3.5263605246161616,3.9318256327243257,1.0986122886681098,4.990432586778736,0.6931471805599453,0.0,0.6931471805599453,1.791759469228055,1,1,0,0,0,1,0.7231,High,0.4532,1,0.5882,PRIORITY
737370,HELLMANN WORLDWIDE LOGISTICS  LIMITED,Normal ,LTD - Private Company Limited by Shares,2023-03-24,,2025-05-30,2024-12-31,5121.0,Fitzwilliam 28,Fitzwilliam Street Lower,,", Ireland",D02 KF20,1.0,0.0,0.0,0.0,1.0,1.0,1.0,0.0,0.0,0.7071,1.0,1.0,0.0,160.0,164.0,0.0,0.0,0.0,0.0,0.584,0.0,0.0,0.0,1.0,0.0,0.0,0.0,0,2024-12-31,1.77,Dublin,5,-90.0,0.99,0.8435,0,0,LTD - PRIVATE COMPANY LIMITED BY SHARES,4,9,16,0,,Unknown,87,1.0,0,0.340864,0.0256,0.9744,0,0.4195,0.3838,0.52,0.2987,0.7013,-0.0493,-0.0904,0.9523,0.0,0.07,0.002683,0.0,0.0,0.0,0.0,-1,0,0.0,0,0,0,0,1,1,1,1,0,4.136,1.032,600.709,-471.052,1,1,1,1,0,1,,-0.7841600508732183,-43.695,2.0,0,0,1,1,1,0,0,0,,0,0,0,0,0,0,0,0,0,0,0,0,2092,0.0,0,0,0,0,0,0,0,0,5,0,590,13,2.8,1,1409,4,0,0,4.6429,0.0,1,0,0,0,2,1,385,0,0.0,0,0,1,0.0,0,0,0,0.0,0,1.791759469228055,2.6390573296152584,0.6931471805599453,4.477336814478207,0.6931471805599453,0.0,0.6931471805599453,1.6094379124341005,1,1,1,1,0,0,0.5955,High,0.5797,1,0.5876,PRIORITY
662982,ION PLATFORM FINANCE GROUP LIMITED,Normal ,LTD - Private Company Limited by Shares,2019-12-17,,2025-03-03,2024-12-31,6420.0,2nd Floor,"Styne House, Hatch Street Upper",BALLSBRIDGE DUBLIN 4,"Dublin 2, DUBLIN, Ireland",D02 DY27,1.0,1.0,0.0,1.0,1.0,1.0,1.0,0.0,0.0,0.0,0.0,1.0,0.0,197.0,286.0,1.0,0.0,0.0,0.0,0.719,0.0,0.0,0.0,1.0,0.0,0.0,0.0,0,2024-12-31,5.04,Dublin,6,-59.0,4.38,0.886,1,0,LTD - PRIVATE COMPANY LIMITED BY SHARES,5,9,16,0,,Unknown,149,1.0,0,0.340864,0.0263,0.9737,0,0.4195,0.3838,0.52,0.2987,0.7013,-0.0493,-0.0904,0.9523,0.0,0.07,0.002683,0.0,0.0,0.0,1.0,0,10,19.3,7,2,0,1,0,1,0,48,1,67.367,0.0,1846271.784,-31065.93,1,0,1,1,1,1,-2.2689999999999912,-0.016826303835232,,3.0,0,0,0,0,0,0,0,0,,0,0,0,0,0,0,0,0,0,0,0,0,2092,0.0,0,0,0,0,0,0,0,0,16,0,590,34,5.8,1,1409,4,0,0,5.8621,0.0263,9,1,0,0,4,1,1980,0,0.0,0,0,15,0.2459,7,0,0,0.0,0,2.833213344056216,3.555348061489413,2.302585092994046,5.010635294096256,2.772588722239781,0.0,0.6931471805599453,1.6094379124341005,1,1,1,0,0,1,0.5955,High,0.5452,1,0.5703,PRIORITY
653415,ALPHA IRELAND LEASING MSN 1149 LIMITED,Normal ,LTD - Private Company Limited by Shares,2019-07-12,,2025-06-24,2024-12-31,7735.0,Aviation House,,,"Shannon, CLARE, Ireland",V14 AN29,1.0,1.0,0.0,1.0,1.0,1.0,1.0,0.0,0.0,0.0,0.0,1.0,0.0,198.3,242.0,0.0,0.0,0.0,0.0,0.724,0.0,0.0,0.0,1.0,0.0,0.0,0.0,0,2024-12-31,5.47,Clare,7,-43.7,4.54,0.8768,0,1,LTD - PRIVATE COMPANY LIMITED BY SHARES,6,4,16,0,,Unknown,84,1.0,0,0.024153,0.0186,0.9814,0,0.4195,0.3838,0.52,0.2987,0.7013,-0.0523,-0.0904,0.9523,0.0,0.07,0.002683,0.0,0.0,0.0,1.0,0,11,36.2,36,16,1,1,0,1,0,3,0,45.22,0.301,28666.795,1185.392,0,0,0,0,1,0,10.113,0.0413506986044306,53.311,0.0,0,0,0,0,0,0,0,0,0.0113768986703652,0,0,0,0,0,0,0,1,0,0,1,2,2092,5.3,0,0,0,0,0,0,0,0,14,0,590,36,6.2,1,895,2,0,0,5.8065,0.0,15,1,0,0,2,1,1995,0,0.0,10,1,206,0.5296,4,0,0,0.0,0,2.70805020110221,3.610917912644224,2.772588722239781,4.442651256490317,5.332718793265369,0.6931471805599453,0.6931471805599453,1.0986122886681098,1,1,1,1,1,1,0.5955,High,0.4954,1,0.5454,PRIORITY
709408,MULMUF ENGINEERING LIMITED,Normal ,LTD - Private Company Limited by Shares,2021-12-06,,2026-03-04,2025-12-31,6420.0,Achonry,,,"Tubbercurry, SLIGO, Ireland",F91 N9Y6,1.0,0.0,0.0,1.0,1.0,1.0,1.0,0.0,0.0,0.0,0.0,1.0,0.0,61.3,83.0,0.0,0.0,0.0,0.0,0.224,0.0,0.0,0.0,1.0,0.0,0.0,0.0,0,2024-12-31,3.07,Sligo,6,-194.7,2.41,0.8946,0,0,LTD - PRIVATE COMPANY LIMITED BY SHARES,5,25,16,0,,Unknown,108,1.0,0,0.011785,0.0263,0.9737,0,0.4195,0.3838,0.52,0.2987,0.7013,-0.039,-0.0904,0.9523,0.0,0.07,0.002683,0.0,0.0,0.0,1.0,0,5,2.4,0,0,0,0,0,1,1,1,0,96.011,16.634,2461.65,,0,0,0,0,0,0,0.597999999999999,,,0.0,0,0,0,0,0,0,0,0,,0,0,0,0,0,0,0,0,0,0,0,0,2092,0.0,0,0,0,0,0,0,0,0,9,0,590,21,4.3,0,1409,4,0,0,4.8837,0.0,3,0,0,0,5,1,1044,0,0.0,1,0,0,0.0,0,0,0,0.0,0,2.302585092994046,3.091042453358316,1.3862943611198906,4.691347882229144,0.0,0.0,0.0,1.6094379124341005,1,1,0,0,0,1,0.5955,High,0.4829,1,0.5392,PRIORITY
647673,STANRAK LIMITED,Normal ,LTD - Private Company Limited by Shares,2019-04-08,,2026-04-08,2024-12-31,6420.0,1 GRANT'S ROW,"DUBLIN 2,DUBLIN",,"DUBLIN 2, DUBLIN, IRELAND",D02HX96,1.0,0.0,0.0,1.0,1.0,1.0,1.0,0.0,0.0,0.0,0.0,1.0,0.0,137.3,154.0,0.0,0.0,0.0,0.0,0.501,0.0,0.0,0.0,1.0,0.0,0.0,0.0,0,2024-12-31,5.73,Dublin,6,-118.7,5.07,0.8245,0,0,LTD - PRIVATE COMPANY LIMITED BY SHARES,5,9,16,0,,Unknown,49,1.0,0,0.340864,0.0263,0.9737,0,0.4195,0.3838,0.52,0.2987,0.7013,-0.0493,-0.0904,0.9523,0.0,0.07,0.002683,0.0,0.0,0.0,0.0,-1,0,0.0,0,0,0,0,0,1,0,1,0,2.682,0.52,24263.381,,0,1,0,0,1,0,2.705,,,0.0,0,0,0,0,0,0,0,0,,0,0,0,0,0,0,0,0,0,0,0,0,2092,0.0,0,0,0,0,0,0,0,0,18,0,590,30,7.0,0,1409,7,0,0,4.2857,0.0,5,1,0,0,0,1,1980,0,0.0,2,1,0,0.0,8,0,0,0.0,0,2.9444389791664403,3.4339872044851463,1.791759469228055,3.912023005428146,0.0,0.0,0.0,2.079441541679836,1,1,0,0,0,1,0.5955,High,0.4687,1,0.5321,PRIORITY
567857,SUPERIOR RACKING AND SHELVING LIMITED,Liquidation,LTD - Private Company Limited by Shares,2015-09-10,,2025-03-10,2024-12-31,4613.0,Dunshaughlin,THE WARD CROSS,3C Dunshaughlin Business Centre,"Meath, Ireland",A85YV58,1.0,1.0,0.0,1.0,1.0,1.0,1.0,0.0,0.0,0.0,0.0,1.0,0.0,78.3,96.0,0.0,0.0,0.0,0.0,0.286,0.0,0.0,0.0,1.0,0.0,0.0,0.0,0,2024-12-31,9.31,Meath,4,-170.7,8.35,0.876,0,0,LTD - PRIVATE COMPANY LIMITED BY SHARES,3,21,16,0,,Unknown,115,1.0,0,0.038352,0.0538,0.9462,0,0.4195,0.3838,0.52,0.2987,0.7013,-0.0386,-0.0904,0.9523,0.0,0.07,0.002683,0.0,0.0,0.0,1.0,0,4,2.8,14,14,1,1,1,0,0,1,2,89.586,9.205,2062.082,,0,0,0,0,0,0,4.692999999999998,,,0.0,0,0,0,0,0,0,0,0,,0,0,0,0,0,0,0,0,0,0,0,0,2092,0.0,0,0,0,0,0,0,0,0,19,0,590,25,10.3,1,1409,2,0,0,2.4272,0.0,0,1,0,0,1,0,1980,0,1.0,0,0,86,0.6277,32,0,0,0.0,0,2.995732273553991,3.258096538021482,0.0,4.7535901911063645,4.465908118654584,0.0,0.6931471805599453,1.0986122886681098,1,1,0,0,0,1,0.5955,High,0.4658,1,0.5306,PRIORITY
